Date,1 Mo,2 Mo,3 Mo,4 Mo,6 Mo,1 Yr,2 Yr,3 Yr,5 Yr,7 Yr,10 Yr,20 Yr,30 Yr,β0_dsa,β1_dsa,β2_dsa,β3_dsa,tau0_dsa,tau1_dsa,residual_dsa
12/29/23,5.6,5.59,5.4,5.41,5.26,4.79,4.23,4.01,3.84,3.88,3.88,4.2,4.03,0.12682015017509413,-0.08040821457540992,-0.1461469740645323,0.031603628546795465,238.75204719185007,1.0260588776848771,0.01391320691206541
12/28/23,5.57,5.55,5.45,5.42,5.28,4.82,4.26,4.02,3.83,3.84,3.84,4.14,3.98,0.12734040490779225,-0.0810846402187167,-0.14802940608304654,0.03212575974961286,240.60252300012127,1.1068583159630376,0.013849802740386063
12/27/23,5.55,5.53,5.44,5.42,5.26,4.79,4.2,3.97,3.78,3.81,3.79,4.1,3.95,0.1202411662004032,-0.07405948828395365,-0.1412790873607,0.03183168810139711,222.5437520781461,1.1166284278764733,0.013597364483765136
12/26/23,5.53,5.52,5.45,5.44,5.28,4.83,4.26,4.05,3.89,3.91,3.89,4.2,4.04,0.6662173136784956,-0.6265083086824933,-0.66105713333884,0.05690051931901979,1669.7943709411438,1.3234822356482212,0.014017197021467967
12/22/23,5.54,5.52,5.44,5.45,5.31,4.82,4.31,4.04,3.87,3.92,3.9,4.21,4.05,0.15969806332775627,-0.11460054892841082,-0.17742169930443807,0.03408075863736157,332.8920520257484,1.187895285682616,0.014078218554546426
12/21/23,5.54,5.53,5.42,5.45,5.31,4.84,4.33,4.06,3.87,3.91,3.89,4.19,4.03,0.14219604478387687,-0.09626122841509527,-0.16165222125900092,0.03255416578291784,280.5293198368429,1.17415714393747,0.014073489940578334
12/20/23,5.5,5.49,5.44,5.45,5.33,4.88,4.34,4.06,3.86,3.88,3.86,4.17,3.98,0.15057586377181814,-0.10506000037750884,-0.17128131087961768,0.033534447316811364,302.3819312663285,1.2779236985782387,0.01400114533698663
12/19/23,5.51,5.51,5.43,5.45,5.35,4.93,4.41,4.15,3.94,3.96,3.93,4.23,4.03,0.4771656491270311,-0.43594187394533757,-0.4867170569554444,0.05099494183147221,1156.5277493520368,1.410733934590992,0.014366530266816358
12/18/23,5.52,5.52,5.46,5.47,5.36,4.95,4.43,4.15,3.94,3.97,3.95,4.23,4.05,0.5074233406506878,-0.46621654585667593,-0.516436113020768,0.051646596525350995,1226.7720798010378,1.4248581869206958,0.014482131734623479
12/15/23,5.54,5.54,5.44,5.47,5.33,4.95,4.44,4.13,3.91,3.94,3.91,4.19,4.0,0.4625795318175404,-0.42123471836632753,-0.47654295267953456,0.051309552011197766,1114.74139682117,1.375477483223378,0.01435276034369027
12/14/23,5.54,5.54,5.43,5.45,5.31,4.9,4.37,4.09,3.9,3.93,3.92,4.21,4.03,0.5984942094397778,-0.5579020977534108,-0.6054178654381895,0.05389353462153569,1436.7154933250615,1.3415274123227474,0.014233423318722713
12/13/23,5.52,5.52,5.44,5.45,5.33,4.94,4.46,4.18,4.0,4.04,4.04,4.36,4.19,0.5811114503412372,-0.5396745750025074,-0.5783350378123119,0.05039288521378782,1412.9531546366513,1.3743236061587907,0.014763147275510834
12/12/23,5.53,5.53,5.46,5.48,5.41,5.14,4.73,4.42,4.23,4.24,4.2,4.48,4.3,0.2631174923912958,-0.2175665172518493,-0.273825263308928,0.036057925509815236,582.4016067070315,1.4603405074410252,0.01588645086807589
12/11/23,5.55,5.54,5.47,5.48,5.4,5.14,4.71,4.42,4.25,4.27,4.23,4.51,4.32,0.29686139611329215,-0.2515470047940193,-0.30624326952922365,0.03733899062314609,659.4098923600003,1.4113673652836565,0.01597732951348336
12/8/23,5.54,5.53,5.44,5.49,5.39,5.13,4.71,4.45,4.24,4.28,4.23,4.49,4.31,0.27711533317494363,-0.23164052555393538,-0.2866300952786644,0.036404930835288146,616.8347524524925,1.41825218337374,0.015933550757557653
12/7/23,5.53,5.54,5.44,5.47,5.36,5.05,4.58,4.31,4.11,4.16,4.14,4.42,4.25,0.4089741690407822,-0.36552841312082496,-0.41647921739317945,0.04343524555805478,949.3763725652381,1.3861015724163785,0.01534813591181491
12/6/23,5.54,5.5,5.45,5.47,5.38,5.07,4.6,4.33,4.12,4.16,4.12,4.4,4.22,0.33947364393676915,-0.2954711810180868,-0.3505643402419248,0.04117586341202545,782.7015009862337,1.4168884500937236,0.015352435550192875
12/5/23,5.54,5.51,5.45,5.46,5.37,5.06,4.57,4.33,4.14,4.2,4.18,4.48,4.3,0.43038544478647617,-0.38690457158792046,-0.4335792852014733,0.043154012792235505,1005.5168691001053,1.3928260608662089,0.015497550692132276
12/4/23,5.55,5.53,5.46,5.47,5.41,5.1,4.64,4.4,4.23,4.3,4.28,4.61,4.43,0.43772933605193454,-0.39358380855536224,-0.43444249267009005,0.04121906024557104,1027.319883817388,1.4081154486588885,0.016053440705526258
12/1/23,5.55,5.53,5.43,5.45,5.33,5.05,4.56,4.31,4.14,4.22,4.22,4.58,4.4,0.545779458140918,-0.5027435789255854,-0.5360889435364711,0.04478651407387309,1298.1890711156752,1.3296617527900532,0.015613420206506157
11/30/23,5.56,5.54,5.45,5.49,5.38,5.16,4.73,4.48,4.31,4.38,4.37,4.72,4.54,0.3834499442396341,-0.33821336215636133,-0.37908188036784424,0.03736823346722645,884.2575079753569,1.3708551542553575,0.016536729485912626
11/29/23,5.53,5.52,5.45,5.48,5.38,5.12,4.64,4.4,4.22,4.28,4.27,4.62,4.44,0.4434151359044496,-0.3993688704259996,-0.4391489721961831,0.04115055433668012,1040.8515800729874,1.433591220425186,0.016013491847815305
11/28/23,5.53,5.53,5.47,5.45,5.42,5.21,4.73,4.49,4.29,4.36,4.34,4.7,4.52,0.36569620430398003,-0.3203781002353107,-0.36436354707803537,0.0366342551420531,835.1716721201565,1.479182326801805,0.016495889493557528
11/27/23,5.54,5.54,5.49,5.47,5.45,5.24,4.84,4.6,4.38,4.43,4.39,4.72,4.53,0.2790751313028647,-0.23251457130793501,-0.2807532644948447,0.03302225012232822,616.5360726277781,1.5268573352629156,0.016904771816031366
11/24/23,5.55,5.56,5.54,5.48,5.45,5.27,4.92,4.67,4.49,4.51,4.47,4.79,4.6,0.28348993444232595,-0.2364379555329339,-0.28230563732480196,0.032243798720973244,622.7043990509621,1.5281713411928242,0.017389749973516708
11/22/23,5.54,5.55,5.54,5.47,5.42,5.26,4.89,4.62,4.44,4.46,4.42,4.73,4.55,0.27386738467408345,-0.22703920999368243,-0.2749884390213043,0.03267442071774525,600.3875298991329,1.5029784292537678,0.01709491969670017
11/21/23,5.52,5.54,5.53,5.45,5.42,5.24,4.86,4.6,4.41,4.44,4.41,4.75,4.57,0.2856893358147289,-0.23911096967329698,-0.28549224142188545,0.0328543351687699,632.2556235691931,1.5048847894197834,0.01698781736830057
11/20/23,5.53,5.55,5.54,5.46,5.43,5.25,4.89,4.62,4.44,4.46,4.42,4.74,4.57,0.12494840253408113,-0.07143046010219067,-0.1402021604769387,0.03180815456205596,214.6057985635594,0.09748049477052093,0.017102144199053163
11/17/23,5.52,5.54,5.5,5.42,5.39,5.24,4.88,4.64,4.45,4.47,4.44,4.8,4.59,0.28511010982053675,-0.23832628620190838,-0.2831482179440432,0.0318310784357403,627.9833373335999,1.4374348400598322,0.017083092526031667
11/16/23,5.53,5.55,5.51,5.46,5.38,5.23,4.83,4.59,4.43,4.47,4.45,4.82,4.63,0.3271807969475513,-0.2808277430246088,-0.3223506196944037,0.03357674608744651,731.500394358143,1.4091684030924647,0.017083004579147822
11/15/23,5.52,5.54,5.53,5.46,5.41,5.27,4.9,4.68,4.52,4.56,4.53,4.87,4.68,0.3053733575669651,-0.2584315246042924,-0.29835788452930456,0.031755551260998584,681.6977188874705,1.5074308817726718,0.01751012198397727
11/14/23,5.52,5.55,5.52,5.45,5.41,5.24,4.8,4.56,4.42,4.45,4.44,4.8,4.61,0.3613364743813869,-0.31533762797747733,-0.3558584812471331,0.03475275905278666,823.3090632445521,1.4673347053717285,0.017007457170539742
11/13/23,5.53,5.55,5.55,5.49,5.48,5.37,5.02,4.8,4.66,4.69,4.63,4.95,4.75,0.30908430825494415,-0.26137043209587585,-0.3001159306064245,0.030074130859554765,682.0386677659853,1.8010901563887511,0.018255609572956147
11/10/23,5.53,5.55,5.53,5.47,5.46,5.38,5.04,4.8,4.65,4.68,4.61,4.93,4.73,8.420597234513828,-8.36552095428453,-7.210229719568988,-0.05480838389920843,20527.789885767917,144.75264312519295,0.01817417065814023
11/9/23,5.53,5.56,5.54,5.5,5.46,5.39,5.03,4.77,4.65,4.68,4.62,4.97,4.77,0.30582134754761714,-0.25810366722572115,-0.29658982576489945,0.030044923360039597,669.0944213716555,1.785590951279473,0.01825816229655688
11/8/23,5.52,5.54,5.54,5.49,5.46,5.34,4.93,4.65,4.51,4.54,4.49,4.82,4.64,0.292826257135272,-0.2458196673362591,-0.2899319647983356,0.03200957678017651,644.4984223758091,1.713830491329393,0.017521169600586254
11/7/23,5.53,5.56,5.55,5.48,5.47,5.33,4.91,4.64,4.53,4.58,4.58,4.91,4.75,0.3490364753292641,-0.3021699408590979,-0.3389717906164372,0.03250979313837154,786.4077249690768,1.6096049640075822,0.017774986060518826
11/6/23,5.53,5.56,5.56,5.49,5.47,5.33,4.93,4.72,4.6,4.66,4.67,5.0,4.84,0.3810893291122823,-0.3339634966876044,-0.3645932135914747,0.03174095685032374,861.926051734928,1.5986146199608182,0.01817317575703848
11/3/23,5.53,5.56,5.53,5.5,5.45,5.29,4.83,4.62,4.49,4.55,4.57,4.93,4.77,0.4295603514463905,-0.3833729585391345,-0.4129490561037355,0.034676585862494766,989.4541514777924,1.5433135415262176,0.0176276194753216
11/2/23,5.52,5.56,5.54,5.53,5.5,5.38,4.98,4.78,4.65,4.68,4.67,4.99,4.82,0.3414425293795307,-0.2939009373006066,-0.328851931267752,0.0306544819502619,761.9827337529903,1.8094589960288383,0.018356465257580612
11/1/23,5.56,5.55,5.57,5.54,5.51,5.37,4.95,4.76,4.67,4.75,4.77,5.13,4.96,3.305988836526507,-3.250729844564879,-2.7655048679928242,-0.05012520813819418,8180.446151236978,125.33286513109189,0.018730192357600765
10/31/23,5.56,5.57,5.59,5.61,5.54,5.44,5.07,4.9,4.82,4.89,4.88,5.21,5.04,271.7925897240492,-271.73702808214244,-233.6435502990918,-0.04541926237386451,669860.690947281,132.5399901119123,0.019524800356644313
10/30/23,5.56,5.57,5.6,5.61,5.53,5.41,5.03,4.87,4.8,4.88,4.88,5.21,5.04,0.4440670450093708,-0.39587801322001565,-0.41419803095429675,0.029583774088205,1018.6580222093942,1.7615343168217361,0.019422208030917553
10/27/23,5.57,5.57,5.59,5.6,5.55,5.39,4.99,4.84,4.76,4.83,4.84,5.19,5.03,0.060118901888064596,-0.002920394351655045,-0.059012543597576766,0.01629950299305509,25.73141825986525,9.929203065957687,0.019236075908652197
10/26/23,5.57,5.57,5.59,5.6,5.55,5.39,5.02,4.89,4.79,4.86,4.86,5.19,5.01,0.06064766232167944,-0.003314079842181951,-0.058273817233260125,0.01594862428571521,26.96944133182234,9.397731994748735,0.01934163162293839
10/25/23,5.56,5.57,5.59,5.61,5.57,5.43,5.08,4.98,4.89,4.98,4.95,5.27,5.09,0.08178692234515061,-0.024852103333974945,-0.07666827787232972,0.019905128473566666,82.15648628658693,-0.00013481147179831773,0.019879617986468638
10/24/23,5.57,5.57,5.58,5.6,5.57,5.41,5.02,4.91,4.82,4.86,4.83,5.15,4.96,134.99747942986113,-134.9419661764855,-116.10489171790857,-0.047433321637187165,332113.6671123594,138.59904281421007,0.01930887774334786
10/23/23,5.57,5.57,5.58,5.59,5.56,5.42,5.05,4.89,4.81,4.87,4.86,5.19,5.01,0.7978434460328196,-0.742530469330164,-0.6872635309793775,-0.04120092321434109,1820.3445095047723,142.6265949655883,0.019405543212651095
10/20/23,5.56,5.56,5.58,5.61,5.54,5.41,5.07,4.93,4.86,4.93,4.93,5.27,5.09,0.06052972479739416,-0.0031692716737783365,-0.0559364089293872,0.014835969904282903,24.191464245513657,9.591785510570649,0.01969960515668553
10/19/23,5.58,5.57,5.6,5.62,5.56,5.44,5.14,5.01,4.95,5.0,4.98,5.3,5.11,73.7791993865176,-73.72364262131369,-63.30409080417675,-0.042572062262328486,182487.73049405275,152.05706164641094,0.020107991477129005
10/18/23,5.57,5.56,5.61,5.62,5.58,5.47,5.19,5.03,4.92,4.95,4.91,5.2,5.0,0.055526073328513614,0.0017245257617862697,-0.020787764281515075,-0.009027967675771693,69.66805733268924,11.992485994189224,0.019907916071471427
10/17/23,5.58,5.58,5.62,5.64,5.6,5.48,5.19,5.01,4.86,4.88,4.83,5.14,4.94,0.33956543270167105,-0.29062077666389263,-0.32393571846267555,0.028814757256591203,752.8452044537984,2.2265060094837503,0.01970191790279049
10/16/23,5.57,5.58,5.61,5.63,5.58,5.42,5.09,4.87,4.72,4.74,4.71,5.06,4.87,7.056406209476606,-7.000543486837696,-6.118347583209658,-0.05123337307824383,17050.618988131042,127.6961647278622,0.019004384696537577
10/13/23,5.6,5.58,5.62,5.62,5.57,5.41,5.04,4.8,4.65,4.66,4.63,4.97,4.78,0.21252394974555622,-0.15698818983960205,-0.2109941829898847,-0.020828108818900723,389.83631819481093,122.9488387061972,0.01860760973999649
10/12/23,5.61,5.59,5.63,5.63,5.58,5.43,5.06,4.82,4.69,4.73,4.7,5.05,4.86,19.793952144880173,-19.737958005388478,-17.121649308161466,-0.05235560913534762,48023.57080496909,121.76700417811043,0.018948561122207403
10/11/23,5.58,5.59,5.61,5.63,5.56,5.38,4.99,4.73,4.59,4.61,4.58,4.92,4.73,0.3350569649613764,-0.2876630600700236,-0.3287883037407373,0.033303314341583914,750.6733561144085,1.7853538888442424,0.018286451177907986
10/10/23,5.6,5.61,5.61,5.63,5.57,5.37,4.96,4.74,4.62,4.66,4.66,5.03,4.85,0.3808007593593945,-0.3335224771912312,-0.364899375328934,0.0338658278591748,872.5113479941906,1.6859344808667185,0.018591337017284368
10/6/23,5.59,5.6,5.63,5.64,5.59,5.43,5.08,4.87,4.75,4.79,4.78,5.13,4.95,0.3827625997837864,-0.33449838124430353,-0.3645488057416031,0.030671076282451422,863.1415988534413,1.8538283909189972,0.01929494210537982
10/5/23,5.57,5.59,5.61,5.62,5.56,5.39,5.03,4.82,4.68,4.73,4.72,5.06,4.89,0.13997683969716035,-0.08540955969945474,-0.14825775935466712,0.02977593828660733,246.27028924828744,0.07896443132858302,0.01886384786560817
10/4/23,5.56,5.58,5.61,5.62,5.57,5.42,5.05,4.85,4.72,4.75,4.73,5.05,4.87,0.3540557330495274,-0.3060517538318924,-0.34010378241816,0.031066314161494295,791.2261132988215,1.9186409875706913,0.01894900967711235
10/3/23,5.55,5.6,5.62,5.62,5.58,5.49,5.15,4.95,4.8,4.84,4.81,5.13,4.95,0.34320680614429033,-0.2945479843672235,-0.3269346474362508,0.029314618797887906,763.7548035590488,2.143019601024287,0.019501484029238476
10/2/23,5.56,5.6,5.62,5.62,5.58,5.49,5.12,4.88,4.72,4.73,4.69,5.0,4.81,0.3118148334268712,-0.26348448407742286,-0.30402060666221464,0.030709841689497384,684.2276633809687,2.1366229794821274,0.018985553537935424
9/29/23,5.55,5.6,5.55,5.61,5.53,5.46,5.03,4.8,4.6,4.61,4.59,4.92,4.73,0.26717091902465406,-0.21921774362891733,-0.26217574195558213,0.030811676036173866,595.9429959810527,1.9812919520679166,0.018351974708409453
9/28/23,5.56,5.61,5.56,5.61,5.53,5.46,5.04,4.83,4.62,4.63,4.59,4.9,4.71,0.2788842339847155,-0.23089347077781736,-0.2754183272905619,0.03110587276849648,609.5960641497932,1.9795968861883377,0.01840168004840467
9/27/23,5.54,5.59,5.58,5.62,5.53,5.49,5.1,4.89,4.67,4.69,4.61,4.91,4.73,0.27829040725079324,-0.23004313024205242,-0.274681693808007,0.030501320377340053,605.8355402990012,2.205738168105996,0.018630919124636155
9/26/23,5.54,5.58,5.58,5.61,5.53,5.45,5.04,4.84,4.62,4.62,4.56,4.86,4.7,1.7112413362996461,-1.6556728244207894,-1.468149095114967,-0.0568332109525303,3960.353507189988,141.22813935293493,0.018313869264376156
9/25/23,5.54,5.58,5.58,5.6,5.52,5.45,5.09,4.83,4.62,4.61,4.55,4.84,4.67,0.25954013969326994,-0.2115170142200975,-0.25857593419119906,0.030977004687679333,559.7627054441791,2.1210531945438085,0.01827826422984028
9/22/23,5.52,5.58,5.56,5.61,5.52,5.46,5.1,4.8,4.57,4.53,4.44,4.7,4.53,0.2257748144108272,-0.17787950437491162,-0.23020590650938316,0.03177454538724138,483.9534107321902,2.3177570466633624,0.017877564721764206
9/21/23,5.52,5.57,5.57,5.61,5.52,5.46,5.12,4.85,4.61,4.57,4.49,4.74,4.56,0.1778476170939043,-0.12227216080077252,-0.18317490121591573,-0.01829359290585157,343.921803256932,119.43213417509918,0.018072967049573035
9/20/23,5.53,5.57,5.56,5.61,5.51,5.47,5.12,4.82,4.52,4.46,4.35,4.57,4.4,0.17915446310486305,-0.12348512957290714,-0.20288116136919976,-0.012471273380659086,308.02044356028034,124.01010786194757,0.017580332136414994
9/19/23,5.53,5.56,5.54,5.59,5.51,5.45,5.08,4.79,4.51,4.47,4.37,4.6,4.43,0.17038028204974928,-0.11486900291918417,-0.19075924532374677,-0.01227656240172352,297.3078573663062,119.51750079366198,0.01752702938871416
9/18/23,5.53,5.56,5.55,5.6,5.51,5.44,5.05,4.74,4.46,4.41,4.32,4.57,4.4,0.2101680404780941,-0.16253766297958272,-0.22019351644166374,0.03246211849653382,440.36989406251024,2.274489842211275,0.01732308572425073
9/15/23,5.51,5.56,5.56,5.6,5.49,5.43,5.02,4.72,4.45,4.41,4.33,4.59,4.42,0.14633591179761551,-0.09083802397244489,-0.16950165760878277,-0.007445685207784852,245.93264579477523,107.51474140063368,0.0172822820426663
9/14/23,5.52,5.57,5.55,5.59,5.5,5.42,5.0,4.68,4.42,4.38,4.29,4.57,4.39,0.20888318245852788,-0.16143542261747199,-0.21886039683929656,0.032597130274348865,439.9611718283571,2.117460303173692,0.017134652044129138
9/13/23,5.53,5.56,5.55,5.6,5.51,5.42,4.96,4.64,4.39,4.34,4.25,4.52,4.34,0.1291287306263892,-0.07353728864936673,-0.16159292175855372,0.0005421697873299095,204.08041230223978,101.0236179699535,0.016949087335618035
9/12/23,5.52,5.56,5.56,5.58,5.53,5.42,4.98,4.66,4.41,4.36,4.27,4.54,4.35,0.14486179139469318,-0.08935077232443966,-0.17897076584823307,-0.0012935251288473358,228.5851877891218,108.13879276214897,0.017040297721967985
9/11/23,5.52,5.56,5.55,5.58,5.51,5.4,4.97,4.64,4.4,4.37,4.29,4.56,4.37,0.22150969558219497,-0.17433677091466424,-0.2321643948234588,0.03328161439929601,469.5824845029091,2.055088606525279,0.01701870272816651
9/8/23,5.52,5.56,5.55,5.6,5.49,5.42,4.98,4.68,4.39,4.35,4.26,4.52,4.33,0.20553126848521655,-0.15820561721933202,-0.21716860441803704,0.033089867286429264,434.3680977013233,2.1323278219894775,0.01697675232511345
9/7/23,5.52,5.56,5.53,5.59,5.5,5.4,4.94,4.66,4.38,4.35,4.27,4.55,4.36,0.21338479545264,-0.16616430926332304,-0.22436485452194382,0.03295261386709844,450.68827498937645,2.0464024667204104,0.016941504816074808
9/6/23,5.52,5.55,5.55,5.6,5.52,5.44,5.01,4.73,4.44,4.39,4.3,4.56,4.37,0.14947705638685804,-0.09393974134025318,-0.17808924253520497,-0.005257391909975597,245.74274806452894,110.69277218606788,0.017211236500426122
9/5/23,5.51,5.56,5.55,5.59,5.51,5.42,4.94,4.65,4.37,4.35,4.27,4.56,4.38,0.20844324152451588,-0.1611418685987177,-0.2191425889964176,0.03276378612225875,438.38026504457935,2.086702437994566,0.01698095424887564
9/1/23,5.51,5.55,5.53,5.58,5.47,5.36,4.87,4.57,4.29,4.27,4.18,4.48,4.29,0.1984839055828895,-0.1515000666228093,-0.21160502304372236,0.0331235062895259,416.2280156102892,1.912667329702666,0.01648190374202505
8/31/23,5.52,5.55,5.56,5.61,5.48,5.37,4.85,4.54,4.23,4.19,4.09,4.39,4.2,0.1783198023617697,-0.1311909102996817,-0.19491412635503075,0.03333533257787376,364.54040834045406,1.9511811019639003,0.01624909976169
8/30/23,5.55,5.53,5.56,5.6,5.51,5.39,4.9,4.57,4.27,4.22,4.12,4.42,4.23,0.11179613431490347,-0.056063318268802474,-0.15015597151007365,0.006048641134711481,167.9456793436367,88.73890977790819,0.016449028665813013
8/29/23,5.54,5.53,5.56,5.57,5.52,5.37,4.87,4.56,4.26,4.21,4.12,4.42,4.23,0.17993819380233322,-0.1327225998922923,-0.195543362144971,0.0329805526867306,367.69337416462895,1.9984358924449488,0.016368158097060225
8/28/23,5.56,5.53,5.58,5.6,5.56,5.44,4.98,4.69,4.38,4.32,4.2,4.48,4.29,0.18877893309484622,-0.141240602445484,-0.2025071115169682,0.03332177066327938,390.66055161515754,2.278529436981702,0.01696608272638134
8/25/23,5.56,5.53,5.61,5.59,5.61,5.44,5.03,4.72,4.44,4.37,4.25,4.5,4.3,0.14667380837075716,-0.09081309072613442,-0.1780202485801674,-0.005141370469671058,240.01559584406186,110.85770332663867,0.017208096316879484
8/24/23,5.55,5.53,5.58,5.57,5.59,5.39,4.98,4.69,4.39,4.34,4.23,4.49,4.3,0.2035504085917682,-0.1562339246911378,-0.21683428611325214,0.03376624976910323,424.96591573820376,2.21409549664095,0.016971324243156314
8/23/23,5.54,5.53,5.57,5.56,5.55,5.35,4.95,4.64,4.36,4.3,4.19,4.46,4.27,0.2003215104615959,-0.15315349184221258,-0.21424171177900042,0.0335640032870736,419.91124828174947,2.067316639150725,0.01671281035229971
8/22/23,5.54,5.53,5.57,5.55,5.57,5.39,5.02,4.75,4.49,4.44,4.34,4.61,4.42,0.2223269485865208,-0.17484405586221083,-0.2306605690465146,0.03264833570392302,473.8245796754698,2.2065581157042446,0.0173719061810712
8/21/23,5.55,5.53,5.57,5.55,5.58,5.37,4.97,4.7,4.46,4.42,4.34,4.64,4.45,0.22727292884706402,-0.1798984021094873,-0.2349139692404646,0.03263379547806412,485.1249072769533,2.0542691912816187,0.017303308504421275
8/18/23,5.53,5.52,5.55,5.54,5.52,5.35,4.92,4.63,4.38,4.34,4.26,4.55,4.38,0.2099909119527274,-0.1628193459904659,-0.22022555124483095,0.03252475538261104,442.6671458760793,1.9721829991620186,0.01683480073182164
8/17/23,5.55,5.52,5.56,5.54,5.53,5.36,4.94,4.67,4.42,4.38,4.3,4.58,4.41,0.143508052290181,-0.08819233718488333,-0.1721176670624745,-0.0035037314075907072,229.95268084297732,105.71310464090068,0.01703682208351305
8/16/23,5.52,5.53,5.56,5.54,5.54,5.37,4.97,4.68,4.42,4.37,4.28,4.55,4.38,0.21087300764638287,-0.16356777458947763,-0.22094979392225478,0.032570667355258834,446.65026832230524,2.103262217715181,0.017008675230575646
8/15/23,5.53,5.52,5.56,5.51,5.55,5.36,4.92,4.64,4.36,4.31,4.21,4.49,4.32,0.1980609250236639,-0.15082194374565627,-0.21049352613371286,0.03257187195044636,413.5964436281729,2.0663073454161873,0.016711512074169408
8/14/23,5.55,5.52,5.56,5.53,5.56,5.37,4.96,4.64,4.36,4.29,4.19,4.46,4.29,0.18972434360020485,-0.14235514209021743,-0.20328352413473788,0.032716934427738056,392.09388897596557,2.1376802271098203,0.016720871413573948
8/11/23,5.54,5.51,5.54,5.54,5.52,5.36,4.89,4.56,4.31,4.26,4.16,4.45,4.27,0.18920571274567766,-0.1420958366362346,-0.2030184017975747,0.03282883596214345,392.3976840283758,2.009161149032339,0.01645877491306039
8/10/23,5.55,5.52,5.54,5.53,5.52,5.33,4.82,4.47,4.21,4.17,4.09,4.41,4.24,0.10157766146740488,-0.04601067100082254,-0.1409705763945227,0.009734048550379397,145.14312898114292,78.69871170290332,0.016114643092635744
8/9/23,5.51,5.52,5.55,5.34,5.54,5.35,4.79,4.41,4.12,4.07,4.0,4.33,4.18,0.09254470596726527,-0.037116159930977236,-0.13518756660802828,0.01401218293588985,127.38123859615473,71.49628982224857,0.0156590217816687
8/8/23,5.54,5.53,5.57,5.52,5.53,5.35,4.74,4.36,4.1,4.06,4.02,4.35,4.2,0.13646530059706563,-0.08877602943241347,-0.152872646315936,0.030747526124332014,257.56903327414284,1.8952979326183543,0.01577751523976664
8/7/23,5.54,5.51,5.56,5.53,5.53,5.3,4.76,4.44,4.16,4.13,4.09,4.42,4.27,0.15263059406414425,-0.10513602234673797,-0.16721979952193833,0.030905171433216014,297.637226855436,1.8249706403645156,0.01600517742116055
8/4/23,5.54,5.51,5.54,5.52,5.5,5.33,4.78,4.45,4.15,4.1,4.05,4.36,4.21,0.09493021625564102,-0.039340423379500805,-0.13647850974436382,0.01266891029999568,131.5655493768566,73.41669551053289,0.01587593976103841
8/3/23,5.54,5.52,5.54,5.53,5.52,5.37,4.9,4.58,4.3,4.26,4.2,4.49,4.32,0.18657078080022282,-0.1392835605882239,-0.19914562147381398,0.03211747042791155,383.4797754977992,2.0012882485695034,0.01656705488501161
8/2/23,5.48,5.53,5.53,5.54,5.52,5.36,4.88,4.54,4.24,4.17,4.08,4.35,4.17,0.17664843219504636,-0.1297026989816848,-0.19357068529980254,0.0334077312246915,361.8231858626369,2.140997014539648,0.01611992097528791
8/1/23,5.49,5.54,5.54,5.57,5.54,5.38,4.92,4.57,4.24,4.15,4.05,4.3,4.11,0.17128733366426085,-0.1242289073467126,-0.1900030929623363,0.03399370241388064,350.43998278028675,2.258711748634717,0.016146300747097327
7/31/23,5.48,5.54,5.55,5.56,5.53,5.37,4.88,4.51,4.18,4.08,3.97,4.22,4.02,0.09585985778213402,-0.040072493476061066,-0.13436268541809226,0.007009969800508428,148.5829924588004,88.57883948281312,0.015815527517671447
7/28/23,5.47,5.54,5.52,5.57,5.54,5.37,4.87,4.52,4.18,4.08,3.96,4.22,4.03,0.10448493975550571,-0.04882095350704821,-0.14840991163891415,0.008261179350764675,158.59935989591236,89.2676469660646,0.015802122352470388
7/27/23,5.47,5.55,5.51,5.58,5.56,5.4,4.91,4.58,4.24,4.13,4.01,4.26,4.06,0.10871429015712569,-0.05300504146266892,-0.14840018484209183,0.004662827707091583,170.79579165181462,92.89113619719276,0.01606458944066886
7/26/23,5.46,5.53,5.51,5.57,5.55,5.37,4.82,4.47,4.09,3.99,3.86,4.12,3.94,0.09790049484801072,-0.04216248926192667,-0.14795960697486477,0.012968962525410785,144.15207126235453,84.86965506531186,0.015434006072902086
7/25/23,5.46,5.54,5.51,5.55,5.57,5.38,4.85,4.53,4.15,4.05,3.91,4.14,3.95,0.11027108961495402,-0.05464672640176674,-0.16047399769727133,0.00949832936471861,166.5928231426716,91.87824292563471,0.01563295152493293
7/24/23,5.44,5.54,5.51,5.55,5.55,5.38,4.81,4.48,4.13,4.0,3.86,4.11,3.92,0.09951923433522614,-0.04386297574336526,-0.14785416557812714,0.010987378137845998,150.33147423948867,88.24142242939786,0.015432584624777567
7/21/23,5.43,5.54,5.5,5.54,5.53,5.35,4.82,4.44,4.09,3.97,3.84,4.1,3.91,0.10023404236112837,-0.04468054976746327,-0.15144741491040115,0.012575802719962238,147.92907523270068,84.8479708408233,0.015285054120520903
7/20/23,5.44,5.53,5.49,5.54,5.52,5.35,4.8,4.43,4.08,3.98,3.85,4.1,3.91,0.10127336629129324,-0.04579302506657043,-0.1532588939026831,0.012961827970062144,148.92116590402128,84.83304089961075,0.015253239689873788
7/19/23,5.37,5.51,5.49,5.54,5.51,5.32,4.74,4.34,3.98,3.87,3.75,4.01,3.84,0.09279688997855812,-0.03739367619722164,-0.1486401435250867,0.017184872811729042,132.00910094116114,78.0517086990688,0.014784558339270145
7/18/23,5.37,5.5,5.49,5.53,5.51,5.32,4.74,4.35,4.0,3.9,3.8,4.08,3.91,0.07531558679862321,-0.020386434282212082,-0.11953837799641664,0.018197106077304542,107.16378076771412,60.693709824701386,0.01491539763722598
7/17/23,5.37,5.51,5.49,5.53,5.52,5.33,4.74,4.34,4.02,3.91,3.81,4.1,3.94,0.09167091899913299,-0.03628751706901359,-0.14464869024190163,0.017382697827236115,127.57143142962917,73.76575400062825,0.014984972643713715
7/14/23,5.37,5.49,5.49,5.53,5.52,5.34,4.74,4.35,4.04,3.94,3.83,4.11,3.93,0.09359914627671523,-0.03828584042681507,-0.14386136467704647,0.014721839311672175,134.09374469604336,77.99007148064027,0.015026538691683074
7/13/23,5.37,5.5,5.47,5.51,5.49,5.27,4.59,4.21,3.93,3.85,3.76,4.07,3.9,0.08008477732597813,-0.02475800908426143,-0.13155162901399609,0.020265753065428174,105.92834915304832,64.75942767892764,0.014530255937465977
7/12/23,5.36,5.49,5.47,5.52,5.53,5.35,4.72,4.36,4.07,3.97,3.86,4.14,3.96,0.1472356679829387,-0.10080645095448161,-0.1692131817368955,0.03390948254389002,292.44657389113405,2.340613968941493,0.015095098185465618
7/11/23,5.35,5.48,5.49,5.53,5.55,5.44,4.88,4.52,4.24,4.13,3.99,4.22,4.03,0.1122300584788117,-0.057020341975624375,-0.1528627674641943,0.004753640334724684,179.48975853156196,98.16608712528571,0.015789689070794297
7/10/23,5.34,5.47,5.48,5.53,5.54,5.38,4.85,4.54,4.25,4.14,4.01,4.24,4.05,0.18920634491039315,-0.1430693448134584,-0.2094095949528009,0.03547077362265257,397.64133939473004,2.5481888477497137,0.015751963552096526
7/7/23,5.32,5.47,5.46,5.52,5.53,5.41,4.94,4.64,4.35,4.23,4.06,4.27,4.05,0.20194343748359173,-0.15577641924097063,-0.22142920509718267,0.03596710635147593,431.30109599205184,2.8325310512876625,0.016043180947816697
7/6/23,5.32,5.47,5.46,5.52,5.54,5.44,4.99,4.68,4.37,4.22,4.05,4.23,4.01,0.14132515076858237,-0.08634203119167563,-0.1770532208341769,-0.005092950316168068,247.20849209369817,118.7432685196024,0.016094054853096677
7/5/23,5.28,5.38,5.44,5.51,5.52,5.4,4.94,4.59,4.25,4.11,3.95,4.17,3.95,0.18034644135175426,-0.13429886185310858,-0.2030959783245242,0.03581783913654173,375.37476078674604,3.059405042511842,0.015553406187938936
7/3/23,5.27,5.4,5.44,5.52,5.53,5.43,4.94,4.56,4.19,4.03,3.86,4.08,3.87,0.12356306097216455,-0.06867600939907775,-0.17200365601071704,0.004293855515820205,199.46816109110443,104.94204907572885,0.015339485062118933
6/30/23,5.24,5.39,5.43,5.5,5.47,5.4,4.87,4.49,4.13,3.97,3.81,4.06,3.85,0.11810640006005413,-0.06347301042194825,-0.16788643459220232,0.006252722539331106,186.42925864377185,99.73084782751408,0.014992975263378429
6/29/23,5.25,5.4,5.46,5.51,5.5,5.41,4.87,4.49,4.14,3.99,3.85,4.11,3.92,0.11198623721423845,-0.05716948795936683,-0.15963472598701473,0.007629295464099739,174.60861759609236,94.89051597248863,0.015178700993139395
6/28/23,5.17,5.32,5.44,5.49,5.47,5.32,4.71,4.32,3.97,3.83,3.71,4.0,3.81,0.09509071251768156,-0.04067645862892899,-0.14756862085078276,0.014693467501786035,140.59282330322895,81.27137623120845,0.014317670038819943
6/27/23,5.17,5.31,5.44,5.44,5.46,5.33,4.74,4.38,4.02,3.9,3.77,4.03,3.84,0.10603804699949093,-0.0518636032451881,-0.15580274083098333,0.009873193248319707,162.72221266705753,89.60877332197083,0.0144710016456564
6/26/23,5.17,5.31,5.5,5.44,5.45,5.27,4.65,4.3,3.96,3.85,3.72,4.01,3.83,0.09405696150143955,-0.03978456989340277,-0.1440500103664166,0.01341964084723158,139.22946181059217,81.08362954519944,0.014232988563318727
6/23/23,5.17,5.3,5.41,5.44,5.41,5.25,4.71,4.32,3.99,3.88,3.74,4.01,3.82,0.10263207571632826,-0.04864435861886754,-0.15450385445032333,0.012391336208225336,154.63629570158992,86.33253972435853,0.01420930213192277
6/22/23,5.18,5.31,5.4,5.44,5.41,5.29,4.77,4.37,4.03,3.92,3.8,4.06,3.88,0.10547621845901367,-0.05147749270238616,-0.15102197081814184,0.007866935996890735,164.2960359416246,90.77538923654532,0.014466795613884672
6/21/23,5.16,5.27,5.4,5.44,5.41,5.25,4.68,4.29,3.95,3.84,3.72,3.99,3.81,0.13926797810420938,-0.09389361560483717,-0.16315252608204944,0.03383471472602592,280.24622336953576,2.728037043537462,0.01406154495510478
6/20/23,5.17,5.26,5.39,5.39,5.41,5.24,4.68,4.29,3.96,3.85,3.74,4.01,3.83,0.09655289545693774,-0.04277251297752871,-0.14312343139113937,0.010683733177791824,147.34565395210984,83.98333465308724,0.014054289210500472
6/16/23,5.18,5.27,5.34,5.38,5.35,5.24,4.7,4.32,3.99,3.88,3.77,4.05,3.86,0.1057485297686997,-0.052226180225614705,-0.1541898551703737,0.01023062031119415,161.30047811881798,88.33489669365991,0.014103302355550655
6/15/23,5.18,5.25,5.33,5.37,5.33,5.21,4.62,4.23,3.91,3.82,3.72,4.02,3.85,0.14013943030353795,-0.095097874893783,-0.16218739351233724,0.0328556779577658,277.18233503996584,2.527287291990902,0.013791603570786565
6/14/23,5.18,5.25,5.36,5.37,5.36,5.27,4.74,4.37,4.06,3.95,3.83,4.09,3.9,0.1651993806291331,-0.12028594687544422,-0.18604268003894997,0.03443699041291007,342.9474003343439,2.7578014446274715,0.014352836847100259
6/13/23,5.19,5.24,5.36,5.37,5.36,5.26,4.67,4.3,4.01,3.94,3.84,4.12,3.94,0.10334803293500011,-0.049865882932255745,-0.14264366965688985,0.005391653046551755,161.3981501125876,86.8802403336004,0.01426057469545067
6/12/23,5.24,5.31,5.4,5.43,5.38,5.18,4.55,4.16,3.89,3.82,3.73,4.04,3.87,0.13599685917152,-0.09064185363712676,-0.15804778191054294,0.03285115251937199,266.2410865486971,2.209307562155149,0.013901261111297329
6/9/23,5.25,5.32,5.37,5.45,5.39,5.17,4.59,4.23,3.92,3.84,3.75,4.05,3.89,0.14009417430831572,-0.09468681178069693,-0.1619935660728451,0.032921962748469175,275.6330383142223,2.244097702276161,0.01403553706645857
6/8/23,5.25,5.29,5.38,5.42,5.39,5.12,4.52,4.17,3.87,3.8,3.73,4.05,3.89,0.1322902295682787,-0.08689803901133053,-0.15358513600333265,0.03219682626727594,256.2270023375918,2.1452178932958703,0.013814547115918957
6/7/23,5.07,5.26,5.42,5.42,5.43,5.16,4.56,4.21,3.93,3.88,3.79,4.12,3.95,0.15599010544662906,-0.11114696638482202,-0.1765119742997764,0.033255283163464794,318.00638979604275,2.3788207939938726,0.014019938255602857
6/6/23,5.15,5.26,5.44,5.44,5.44,5.2,4.51,4.15,3.85,3.78,3.7,4.02,3.87,0.07994644912060475,-0.0258686418424577,-0.13245220845473055,0.022047569189919118,104.81890837341302,59.677161011234816,0.013806567651148289
6/5/23,5.25,5.35,5.46,5.47,5.46,5.17,4.46,4.1,3.82,3.77,3.69,4.03,3.89,0.11617022796918014,-0.07006882721707952,-0.13836465181465452,0.03160515695974073,213.25772890623796,2.175248356191746,0.013881482504116943
6/2/23,5.28,5.39,5.5,5.52,5.5,5.22,4.5,4.13,3.84,3.78,3.69,4.03,3.88,0.1156833589120545,-0.06926699339007988,-0.13871435259918435,0.03214660633050086,211.7909300238489,2.2195533056025454,0.01412106179637717
6/1/23,5.3,5.39,5.5,5.5,5.44,5.11,4.33,3.98,3.7,3.66,3.61,3.98,3.84,0.10095797389813393,-0.05449008197120836,-0.12418792117630129,0.0312324955467968,173.6750295017643,1.981201503714971,0.013548162055990094
5/31/23,5.28,5.37,5.52,5.53,5.46,5.18,4.4,4.04,3.74,3.69,3.64,4.01,3.85,0.10391746572210817,-0.057360378076827326,-0.12700884644687976,0.03144151030494325,181.4468669459569,2.1397157996931413,0.013786958454748059
5/30/23,5.31,5.31,5.55,5.54,5.52,5.22,4.46,4.1,3.81,3.75,3.69,4.06,3.9,0.10529473728510391,-0.05851623038280945,-0.12655227171759553,0.030911884564319023,185.5509941632656,2.2249007779990766,0.014106485227731952
5/26/23,6.02,5.47,5.34,5.55,5.44,5.25,4.54,4.23,3.92,3.86,3.8,4.13,3.96,0.09460968613231888,-0.04188216096466907,-0.12384935493809113,0.03623236125869625,148.30961736375647,0.21672736038595353,0.014923638299994416
5/25/23,5.95,5.44,5.38,5.55,5.46,5.24,4.5,4.21,3.9,3.86,3.83,4.16,4.01,0.088598228691323,-0.035364132946808846,-0.1160734510386866,0.03611292890516529,133.23626887687658,0.18039315098904496,0.014899589347677444
5/24/23,5.73,5.22,5.37,5.52,5.42,5.12,4.31,4.04,3.75,3.76,3.73,4.1,3.97,0.10211953098564322,-0.05509357099248504,-0.12195675765420205,0.030065833483511436,173.37837794012896,1.5274663830851716,0.013953227685429658
5/23/23,5.67,5.26,5.34,5.42,5.39,5.06,4.26,3.99,3.76,3.73,3.7,4.08,3.96,0.10185960592596242,-0.055118930512081235,-0.12141913704144577,0.029953142588265133,173.981127835746,1.3926381424660872,0.013664357718057591
5/22/23,5.69,5.35,5.4,5.5,5.43,5.07,4.29,3.98,3.77,3.74,3.72,4.09,3.97,0.05830188374427375,-0.009059278654123211,-0.0652015425718448,0.022761133413331074,85.81722024568609,2.097171821858394,0.013925532826418818
5/19/23,5.62,5.27,5.29,5.46,5.36,5.02,4.28,3.98,3.76,3.74,3.7,4.07,3.95,0.10526887926841871,-0.058823194284669644,-0.12498935581489637,0.03014793917038979,182.95040879930633,1.427123360767488,0.013577820037869946
5/18/23,5.59,5.22,5.31,5.43,5.38,5.02,4.24,3.94,3.69,3.67,3.65,4.02,3.91,0.09977190649658407,-0.05343285260541593,-0.12041144912498478,0.029999357767890845,168.7494583995499,1.5789304211363318,0.013328685277354728
5/17/23,5.5,5.06,5.26,5.36,5.3,4.92,4.12,3.8,3.58,3.58,3.57,3.96,3.88,0.09156155393940707,-0.04584422877640269,-0.11169571101960984,0.028998828412683225,148.62402999785877,1.6870959090549014,0.01259687657567619
5/16/23,5.58,4.98,5.23,5.24,5.26,4.88,4.06,3.74,3.52,3.53,3.54,3.96,3.87,0.0862309904475973,-0.040545578687546185,-0.105603714420204,0.028414170843639355,135.04587747684843,1.4741116939989887,0.01229285727959487
5/15/23,5.64,4.97,5.21,5.26,5.24,4.73,3.99,3.67,3.46,3.48,3.5,3.92,3.84,0.08408816977675493,-0.03844534350041018,-0.10488002767388266,0.02921393565843304,131.50404157875903,1.1867359400874538,0.012015665333556446
5/12/23,5.79,4.87,5.25,5.27,5.16,4.75,3.98,3.65,3.45,3.45,3.46,3.87,3.78,0.001268465635927908,0.0008727029831543732,0.0003314926034650396,0.0005383994695496793,0.41004507943305757,-0.0002305506533189089,0.011935752929818622
5/11/23,5.81,4.82,5.2,5.23,5.14,4.7,3.89,3.56,3.36,3.37,3.39,3.82,3.73,0.001268465635927908,0.0008727029831543732,0.0003314926034650396,0.0005383994695496793,0.41004507943305757,-0.0002305506533189089,0.011544862063758954
5/10/23,5.5,4.99,5.24,5.24,5.13,4.7,3.9,3.55,3.37,3.4,3.43,3.88,3.8,0.04156957983051203,0.01356449542386981,-0.07121748497155153,0.02660000967346654,27.320992374930146,23.75649390912019,0.011563873281880672
5/9/23,5.56,5.16,5.29,5.27,5.18,4.81,4.01,3.67,3.51,3.51,3.53,3.94,3.85,0.08541594102618172,-0.03942203852019058,-0.10618444729712789,0.029209901807305913,132.88245172978202,1.1722529693727748,0.012232239992474457
5/8/23,5.51,5.17,5.31,5.26,5.14,4.79,4.0,3.7,3.49,3.5,3.52,3.92,3.84,0.04818980656059835,0.007080982922918883,-0.09131988852347533,0.03359290831219154,28.191934747768443,16.856584495471466,0.012140678541101561
5/5/23,5.59,5.23,5.26,5.26,5.13,4.73,3.92,3.63,3.41,3.41,3.44,3.85,3.76,0.04095860012980167,0.011394299630236925,-0.0401100748709797,0.021356970799687645,35.38597514725889,0.23201642848827936,0.011861634663727133
5/4/23,5.76,5.24,5.26,5.23,5.04,4.59,3.75,3.47,3.29,3.32,3.37,3.8,3.73,0.001268465635927908,0.0008727029831543732,0.0003314926034650396,0.0005383994695496793,0.41004507943305757,-0.0002305506533189089,0.011460081900540741
5/3/23,4.7,5.33,5.26,5.25,5.08,4.7,3.89,3.58,3.37,3.37,3.38,3.79,3.7,0.048548933667551905,0.0003381901210656223,-0.05870847430501569,0.023742807504347138,37.12047118633512,3.428074024440283,0.01115705169076451
5/2/23,4.56,5.33,5.24,5.19,5.06,4.74,3.97,3.67,3.46,3.44,3.44,3.82,3.72,0.10129539598495879,-0.058120538623506274,-0.12293553526115986,0.02970348411067586,181.2436053190811,1.964069345242776,0.01126807369783877
5/1/23,4.49,5.17,5.27,5.22,5.14,4.86,4.14,3.85,3.64,3.62,3.59,3.95,3.84,1.3382908878463824,-1.3038059083238687,-1.2672910156073816,0.06378449452198515,3295.1929623065043,2.3572765594915737,0.011907851728098098
4/28/23,4.35,5.14,5.1,5.2,5.06,4.8,4.04,3.75,3.51,3.49,3.44,3.8,3.67,1.2276099230700925,-1.1944135349064262,-1.1722386835825116,0.0657688348370363,3017.3688205653116,2.423953192614661,0.011099001067830998
4/27/23,4.27,5.13,5.18,5.21,5.05,4.78,4.07,3.82,3.6,3.57,3.53,3.88,3.76,1.178892314551303,-1.145278613716309,-1.1116294941803586,0.06437261782833552,2935.5266529073897,2.4487491949475686,0.011375393336553763
4/26/23,3.91,5.07,5.16,5.17,5.0,4.64,3.9,3.65,3.46,3.45,3.43,3.81,3.7,0.0018627981667081784,0.00018006765437536364,0.00041582338111167657,0.0008198934037906677,1.3559605733041593,-0.0013490741594137379,0.010588565387258093
4/25/23,4.11,5.05,5.12,5.11,4.98,4.6,3.86,3.62,3.43,3.42,3.4,3.77,3.65,1.905952212288451,-1.8744774326825566,-1.7712338574997504,0.06884324760016192,4639.06441348306,2.3968860437474975,0.010412519996732303
4/24/23,3.54,5.09,5.2,5.15,5.06,4.76,4.12,3.84,3.6,3.56,3.52,3.85,3.73,0.0018627981667081784,0.00018006765437536364,0.00041582338111167657,0.0008198934037906677,1.3559605733041593,-0.0013490741594137379,0.011057770419006943
4/21/23,3.36,4.98,5.14,5.19,5.07,4.78,4.17,3.89,3.66,3.62,3.57,3.9,3.78,0.0018627981667081784,0.00018006765437536364,0.00041582338111167657,0.0008198934037906677,1.3559605733041593,-0.0013490741594137379,0.011155234123345532
4/20/23,3.4,5.04,5.12,5.17,5.06,4.77,4.14,3.87,3.63,3.59,3.54,3.87,3.75,0.0018627981667081784,0.00018006765437536364,0.00041582338111167657,0.0008198934037906677,1.3559605733041593,-0.0013490741594137379,0.011050254663677433
4/19/23,3.95,5.03,5.16,5.22,5.1,4.84,4.24,3.97,3.71,3.66,3.6,3.9,3.79,0.0018627981667081784,0.00018006765437536364,0.00041582338111167657,0.0008198934037906677,1.3559605733041593,-0.0013490741594137379,0.011616621014303835
4/18/23,3.89,5.04,5.2,5.19,5.09,4.81,4.19,3.92,3.69,3.63,3.58,3.91,3.79,0.0018627981667081784,0.00018006765437536364,0.00041582338111167657,0.0008198934037906677,1.3559605733041593,-0.0013490741594137379,0.011488228418754435
4/17/23,4.09,5.04,5.21,5.24,5.07,4.8,4.18,3.92,3.69,3.64,3.6,3.92,3.81,1.4899316525693376,-1.4562350208508617,-1.3927618156607675,0.06415350610678264,3690.3377616178204,2.716600571003048,0.011608122132392727
4/14/23,4.29,4.98,5.14,5.16,5.03,4.77,4.08,3.83,3.6,3.56,3.52,3.85,3.74,1.1745666468505997,-1.140820776656717,-1.116386042370647,0.06220771995073958,2910.8796827739116,2.5362781154895435,0.011183690430994613
4/13/23,4.08,4.96,5.1,5.1,4.95,4.66,3.96,3.7,3.51,3.48,3.45,3.8,3.69,1.8107041813418279,-1.7786288126498206,-1.6832446967872303,0.06569754792040922,4455.751190367539,2.526974312856051,0.010573728723003066
4/12/23,4.27,4.89,5.02,5.1,4.98,4.64,3.95,3.68,3.46,3.43,3.41,3.75,3.64,1.280979778361098,-1.2485652039727,-1.2117220841666463,0.06408184619151874,3181.0437791106624,2.4544594949050156,0.010427510544173776
4/11/23,4.27,4.89,5.04,5.06,4.99,4.67,4.03,3.76,3.54,3.48,3.43,3.75,3.62,0.9897411216874936,-0.9563095699046251,-0.9567408972424488,0.060439199540792715,2426.000672128687,2.5247349075155583,0.01059111037879053
4/10/23,4.53,4.89,5.08,5.08,4.98,4.65,4.0,3.75,3.52,3.47,3.41,3.74,3.62,0.8081746513981468,-0.7739355782071656,-0.7950503081422609,0.05824924634676746,1983.5420130453176,2.2556871466337176,0.010673566041342529
4/7/23,4.56,4.9,4.95,5.07,4.95,4.61,3.97,3.72,3.49,3.45,3.39,3.73,3.61,0.0398262444850363,0.01170806464476957,-0.03931409684315751,0.004458877478477848,36.36452343628807,42.141751068270025,0.010479062876144318
4/6/23,4.57,4.85,4.91,4.98,4.93,4.51,3.82,3.59,3.37,3.34,3.3,3.66,3.54,0.16793108646099075,-0.12968318780607896,-0.19055465879203015,0.03730149032922325,346.47900453894795,2.0465797462721165,0.009916672405482246
4/5/23,4.62,4.77,4.86,4.9,4.82,4.43,3.79,3.55,3.36,3.34,3.3,3.67,3.56,0.13479977831116807,-0.09520991283197516,-0.15620075549406676,0.0311116924192147,274.1005255579528,1.8312370767813029,0.00966324988228892
4/4/23,4.66,4.8,4.88,4.9,4.8,4.5,3.84,3.6,3.39,3.38,3.35,3.72,3.6,0.03778010862673817,0.009963009240025779,-0.03164701365386825,0.014513567079917957,25.959203473099166,4.756135640447106,0.009898219237440168
4/3/23,4.7,4.79,4.9,4.98,4.88,4.6,3.97,3.73,3.52,3.48,3.43,3.78,3.64,0.5681904263749391,-0.5326424481267844,-0.5713180204643009,0.049875932305758056,1376.2864842911276,2.0627331202243826,0.010437782208566981
3/31/23,4.74,4.79,4.85,4.97,4.94,4.64,4.06,3.81,3.6,3.55,3.48,3.81,3.67,0.3965760986349226,-0.3594004308704188,-0.40954202569316245,0.04393537849643576,944.7929286306402,2.1407695203646995,0.010716169177978144
3/30/23,4.74,4.77,4.97,4.94,4.92,4.63,4.1,3.87,3.66,3.61,3.55,3.88,3.74,0.10301489316404376,-0.05438509196764732,-0.1429611843120469,0.006623747688045689,159.8498127985244,81.65383605903882,0.010969011891628336
3/29/23,4.34,4.5,4.8,4.91,4.92,4.59,4.08,3.87,3.67,3.62,3.57,3.91,3.78,0.7291608687827951,-0.6940258375125661,-0.7053773266794496,0.047972157803137454,1764.2229861621158,2.7962599601320557,0.010536368051778615
3/28/23,4.24,4.39,4.8,4.86,4.9,4.55,4.02,3.84,3.63,3.6,3.55,3.9,3.77,1.0507641302172654,-1.0165850531807967,-1.0018466709675489,0.049946290313117495,2490.421448741379,2.8809960244239163,0.010264205236473782
3/27/23,4.22,4.47,4.91,4.9,4.86,4.51,3.94,3.79,3.59,3.57,3.53,3.9,3.77,0.6922120879203528,-0.6584925258160663,-0.6419369367550908,0.05231985674722961,1922.9068057985507,2.6468187858605186,0.010213763247486417
3/24/23,4.28,4.48,4.74,4.78,4.76,4.32,3.76,3.58,3.41,3.4,3.38,3.77,3.64,0.8711677379617366,-0.8386300979264505,-0.8228893755106363,0.05267990738757487,2183.7280870069735,2.3092970925603344,0.009285397737238256
3/23/23,4.26,4.48,4.73,4.84,4.8,4.38,3.76,3.57,3.39,3.39,3.38,3.78,3.66,1.4445250916678716,-1.4125983941538132,-1.350162148538251,0.05597481708401214,3501.800844426606,2.4106111049641905,0.009368995344929977
3/22/23,4.16,4.56,4.79,4.91,4.95,4.56,3.96,3.76,3.54,3.53,3.48,3.83,3.68,1.2324801439592559,-1.1994271851047287,-1.1676427638678981,0.05571285432857885,2967.45369318427,2.7949488641449864,0.0100991350673302
3/21/23,4.07,4.5,4.78,4.89,4.96,4.68,4.17,3.98,3.73,3.68,3.59,3.9,3.73,0.8400439156074435,-0.8053944481232207,-0.8074002796323424,0.05079985120855413,2068.384675957439,3.3235232223171334,0.010646567938271142
3/20/23,4.34,4.56,4.81,4.84,4.8,4.34,3.92,3.77,3.56,3.55,3.47,3.83,3.65,0.610357588738871,-0.5756531130392437,-0.5955670597141768,0.04679473122860249,1503.874443843137,2.2934439549663423,0.00988147962096382
3/17/23,4.31,4.51,4.52,4.79,4.71,4.26,3.81,3.68,3.44,3.45,3.39,3.76,3.6,0.5767831167835555,-0.5428295671284347,-0.5623147397336261,0.04541942418553804,1439.377904408092,2.275583828399027,0.009222000726856206
3/16/23,4.22,4.66,4.74,4.92,4.94,4.49,4.14,3.99,3.72,3.67,3.56,3.87,3.71,0.5765498470161183,-0.5406220808599205,-0.5699955394596927,0.045106075412551905,1389.7652684392315,2.796009511258297,0.010576832506955887
3/15/23,4.23,4.56,4.75,4.85,4.73,4.19,3.93,3.83,3.59,3.57,3.51,3.82,3.7,0.6161493202406175,-0.5813091601207242,-0.5983875606244309,0.04433282374592236,1499.6576864309236,2.2327896099290863,0.00977384292245106
3/14/23,4.47,4.77,4.88,4.95,4.93,4.45,4.2,4.05,3.78,3.74,3.64,3.91,3.77,0.14656679872675593,-0.09897631465555734,-0.17012464786368953,-0.009858627076764513,270.77360214284204,111.6104614422614,0.011053385001486785
3/13/23,4.62,4.81,4.87,4.87,4.81,4.3,4.03,3.88,3.68,3.65,3.55,3.85,3.7,0.12624945801595677,-0.07891851850804349,-0.15874160444635854,-0.00266152801254119,214.07674232594002,99.01485643631088,0.010494885412347011
3/10/23,4.81,4.91,5.01,5.08,5.17,4.9,4.6,4.31,3.96,3.86,3.7,3.9,3.7,0.17186822151797188,-0.12173422415501817,-0.20411396417873973,-0.013093577304634757,313.48124031555403,131.60264397348635,0.012525039713702312
3/9/23,4.83,4.96,5.05,5.19,5.32,5.18,4.9,4.56,4.22,4.1,3.93,4.09,3.88,0.23212245061565367,-0.18900654661872796,-0.2511467890357255,0.03670343388683399,518.2335673923822,4.2645573273528115,0.014016857751440489
3/8/23,4.77,4.88,5.06,5.21,5.34,5.25,5.05,4.71,4.34,4.19,3.98,4.11,3.88,0.24904751603364716,-0.2057719417541944,-0.2698561708072362,0.0382647813451864,560.6816693403209,5.144369293008182,0.01442733852747094
3/7/23,4.8,4.88,5.04,5.12,5.32,5.22,5.0,4.66,4.31,4.17,3.97,4.11,3.88,0.2396904537545998,-0.19641871438684627,-0.25968469964745367,0.03688841068797227,533.5283428352913,5.054300411394683,0.014215512161767432
3/6/23,4.75,4.79,4.93,5.02,5.22,5.05,4.89,4.61,4.27,4.16,3.98,4.14,3.92,0.24329724705854516,-0.20063440770476004,-0.25780692371078584,0.034666017128431814,546.4115829075299,4.946741241613108,0.01369080744780904
3/3/23,4.75,4.79,4.91,5.01,5.18,5.03,4.86,4.6,4.26,4.15,3.97,4.12,3.9,0.24029833994959665,-0.1977352434770468,-0.2550947105490541,0.03446224196462678,535.109831424573,4.9388286771127285,0.013554901065204248
3/2/23,4.75,4.8,4.91,5.02,5.18,5.04,4.89,4.63,4.32,4.24,4.08,4.24,4.03,0.2609628354265683,-0.2181727139364451,-0.270762675390424,0.03359624823576718,581.5887470927814,4.991826248869966,0.013932969652040704
3/1/23,4.67,4.82,4.9,5.02,5.2,5.06,4.89,4.61,4.27,4.17,4.01,4.17,3.97,0.2650257462320035,-0.22260126212928485,-0.27776394975841057,0.03496400831500786,597.738379288234,4.954155357808152,0.013713348444455101
2/28/23,4.65,4.81,4.88,5.0,5.17,5.02,4.81,4.51,4.18,4.07,3.92,4.1,3.93,0.25546480641143066,-0.21346562009425185,-0.26957940688577475,0.0348410032806529,571.8645561288263,4.563691767947578,0.013251769918968691
2/27/23,4.67,4.83,4.89,5.02,5.18,5.03,4.78,4.49,4.17,4.08,3.92,4.11,3.93,0.2584175632541563,-0.21646753973586297,-0.2719062706444886,0.03520372174628103,580.1017233643083,4.359874927693522,0.013277491722366678
2/24/23,4.68,4.83,4.86,5.02,5.06,5.05,4.78,4.52,4.19,4.1,3.95,4.11,3.93,0.24712473954969366,-0.2049587476655217,-0.26055221035850873,0.033922506578914546,549.0051098260865,4.63527843583881,0.013255232822572228
2/23/23,4.66,4.83,4.84,5.0,5.05,5.03,4.66,4.4,4.09,4.02,3.88,4.04,3.88,0.2511639765494542,-0.20962606254308147,-0.2654372194279019,0.03461441206326514,560.1732689885268,4.12325894050947,0.012807863629744648
2/22/23,4.62,4.81,4.84,5.0,5.08,5.07,4.66,4.43,4.13,4.07,3.93,4.09,3.94,0.2801956008140629,-0.23878616791783902,-0.29173943711377487,0.035190566604435716,638.7355645283583,4.21520685680883,0.012997388907153806
2/21/23,4.63,4.83,4.86,4.98,5.07,5.07,4.67,4.44,4.16,4.08,3.95,4.12,3.98,0.2702441133401796,-0.22860527331516653,-0.28055298094088543,0.03441106458612227,610.5808166866059,4.232720983220876,0.013097426212657989
2/17/23,4.64,4.81,4.84,4.95,4.99,5.0,4.6,4.33,4.03,3.95,3.82,4.01,3.88,0.23529697691207146,-0.1939220016182646,-0.24953931131428764,0.03346463047695766,521.2548263606416,3.946241341979971,0.012471684888040001
2/16/23,4.66,4.8,4.84,4.95,4.98,4.99,4.62,4.35,4.06,3.98,3.86,4.05,3.92,34.799782962305066,-34.7507017182124,-30.091152108295788,-0.06149049531822329,85212.93564675038,172.7021271313139,0.012593918422756973
2/15/23,4.64,4.79,4.79,4.94,4.97,4.96,4.62,4.35,4.04,3.94,3.81,3.97,3.85,0.22351513709467286,-0.18213310869662053,-0.23845665108293118,0.03316702961958176,491.98163574951917,4.1506453675993935,0.012361249043130592
2/14/23,4.63,4.78,4.8,4.91,4.98,4.99,4.6,4.32,4.0,3.9,3.77,3.94,3.81,0.2283315236122036,-0.1795651829199385,-0.24144997119462247,-0.02405800885082325,465.3176445822302,149.2702488799237,0.01222399927376458
2/13/23,4.66,4.78,4.81,4.9,4.99,4.91,4.52,4.22,3.93,3.84,3.72,3.92,3.79,0.21205394403452663,-0.17106468779140094,-0.2279395561476853,0.03323228116843682,469.14863743505714,3.6284887920345392,0.011942634387392567
2/10/23,4.66,4.77,4.79,4.89,4.89,4.89,4.5,4.19,3.93,3.86,3.74,3.96,3.83,0.20543005723339935,-0.15708420591774747,-0.2212418100340775,-0.020282587727812412,402.32815678653674,137.50192738557723,0.011871065342859016
2/9/23,4.66,4.77,4.77,4.87,4.9,4.88,4.48,4.15,3.87,3.79,3.67,3.9,3.75,0.18575261109256658,-0.13743454387908793,-0.20936693172670529,-0.016037064324760014,350.49946488612886,131.340362888752,0.011617718792122434
2/8/23,4.64,4.69,4.72,4.85,4.88,4.87,4.45,4.08,3.82,3.75,3.63,3.86,3.7,0.20386395080576591,-0.16356069305562984,-0.22103906642250198,0.033028268688126194,446.4110193704856,3.5927394637511467,0.011318668242473452
2/7/23,4.62,4.68,4.71,4.8,4.89,4.88,4.47,4.11,3.85,3.78,3.67,3.87,3.72,0.21544653768152555,-0.17519197168389045,-0.23234993515668712,0.03310419715140098,470.213495881738,3.7797569505704143,0.011382530706550261
2/6/23,4.61,4.67,4.71,4.81,4.89,4.85,4.44,4.1,3.81,3.73,3.63,3.82,3.67,0.18401517109640542,-0.1362079022106778,-0.20667412289928788,-0.017161861158064173,357.1223900553823,133.20445160518182,0.011205197361079573
2/3/23,4.61,4.67,4.7,4.8,4.82,4.79,4.3,3.96,3.67,3.61,3.53,3.77,3.63,0.18540513670856873,-0.14564049998726636,-0.20366063119072653,0.032511160877781414,402.8740042700074,3.1838615279068385,0.010691413123290458
2/2/23,4.62,4.65,4.66,4.75,4.76,4.64,4.09,3.75,3.49,3.44,3.4,3.67,3.55,0.10344801020091055,-0.05624161316347287,-0.14457771975808753,0.00529656542327012,168.9636024989788,86.35875061214955,0.009908931495771208
2/1/23,4.59,4.63,4.66,4.77,4.79,4.66,4.09,3.75,3.48,3.43,3.39,3.67,3.55,0.10250087229799654,-0.05527903647611215,-0.14436656478786936,0.006217955600722368,166.11204002416832,85.4412236602796,0.009914930555750517
1/31/23,4.58,4.64,4.7,4.74,4.8,4.68,4.21,3.9,3.63,3.59,3.52,3.78,3.65,0.19719917634516265,-0.1579792825329635,-0.21324077208913816,0.032251089689663,437.2416687453246,2.8199753784037176,0.01042374971517182
1/30/23,4.6,4.64,4.72,4.76,4.82,4.71,4.25,3.96,3.68,3.62,3.55,3.79,3.66,0.201566429195846,-0.16215571712435572,-0.21820436702716056,0.032583182959316975,443.0590857560437,2.9491425227831867,0.01061740513893176
1/27/23,4.61,4.64,4.73,4.76,4.81,4.68,4.19,3.9,3.62,3.58,3.52,3.77,3.64,0.20436863138895262,-0.1652060382081482,-0.22152680194273472,0.03293531460797284,448.27105060167264,2.72712793519228,0.010441019226664018
1/26/23,4.61,4.65,4.71,4.76,4.79,4.68,4.17,3.88,3.58,3.54,3.49,3.75,3.62,0.11322249196182263,-0.06579486760873021,-0.15067527234608613,0.001998083219886644,192.92989906998844,93.6845487630622,0.010321156722256553
1/25/23,4.67,4.65,4.72,4.75,4.79,4.67,4.11,3.84,3.54,3.51,3.46,3.74,3.62,0.11081140904208114,-0.06339574953032975,-0.14932384317585612,0.0027047517019068,182.94823468773131,90.93479103016267,0.010230103399854196
1/24/23,4.7,4.67,4.72,4.75,4.84,4.7,4.12,3.86,3.58,3.52,3.46,3.73,3.62,0.11407345030948601,-0.06646276833046239,-0.15465435289697183,0.0031879247939000516,187.40136265359502,93.63716655745861,0.01034624676690133
1/23/23,4.69,4.65,4.73,4.76,4.82,4.7,4.21,3.88,3.61,3.56,3.52,3.8,3.69,0.16022900215366886,-0.12010529459137825,-0.17634926818643515,0.03020131210315681,337.7856975641721,2.7522962118929115,0.010535497235142363
1/20/23,4.69,4.64,4.72,4.75,4.8,4.68,4.14,3.83,3.56,3.51,3.48,3.77,3.66,0.10951678245502122,-0.0619458816088895,-0.14693132378244644,0.002802982739796126,179.2447187742223,89.15893841955432,0.010318181063105284
1/19/23,4.69,4.66,4.71,4.74,4.79,4.65,4.09,3.76,3.48,3.43,3.39,3.69,3.57,0.08843656155599722,-0.040889091279389694,-0.12919934488657142,0.009900276940797991,139.02699203051026,73.90519620906437,0.010009651917176047
1/18/23,4.59,4.62,4.69,4.74,4.79,4.63,4.06,3.72,3.43,3.4,3.37,3.65,3.54,0.1470180346663876,-0.10768861769772894,-0.16661079819420785,0.030918243535592464,309.86994868412137,2.578143346586996,0.009790958037390423
1/17/23,4.6,4.63,4.71,4.74,4.82,4.67,4.18,3.86,3.6,3.57,3.53,3.81,3.64,0.22006121736210632,-0.18121618280905577,-0.23631561942651347,0.03344661020520502,488.8671842319444,2.685871953265412,0.01039043462977132
1/13/23,4.58,4.59,4.67,4.73,4.77,4.69,4.22,3.88,3.6,3.55,3.49,3.79,3.61,0.19494756686234394,-0.15587523003430248,-0.2119587512460459,0.032266151681462074,426.76425469741525,2.945660877579318,0.010290889637666207
1/12/23,4.57,4.59,4.66,4.74,4.76,4.66,4.12,3.79,3.53,3.48,3.43,3.73,3.56,0.1109540070899316,-0.06400888683425815,-0.14732318415840334,0.0013418106270663749,189.36523804595288,92.84314401483705,0.009991103713482155
1/11/23,4.42,4.62,4.72,4.82,4.84,4.73,4.2,3.9,3.66,3.61,3.54,3.84,3.67,0.3496696020011601,-0.3124604390641438,-0.359597390576158,0.04025597003810047,830.2309940613179,2.968817876176217,0.010534221166362556
1/10/23,4.41,4.62,4.73,4.77,4.85,4.74,4.24,3.94,3.72,3.67,3.61,3.91,3.74,0.3544199352566829,-0.3168534295862955,-0.36107608926517576,0.038834311786805076,838.9199719113806,3.065598695835239,0.01074209293094018
1/9/23,4.37,4.58,4.7,4.74,4.83,4.69,4.19,3.93,3.66,3.6,3.53,3.83,3.66,0.3408061138753065,-0.30359686020987753,-0.35131431465007235,0.03897222290461114,803.2226863145066,3.065898979143916,0.01038593506432307
1/6/23,4.32,4.55,4.67,4.74,4.79,4.71,4.24,3.96,3.69,3.63,3.55,3.84,3.67,0.3505605094318138,-0.3132765496745516,-0.36131135477339593,0.03841972004630316,812.5684578832797,3.292592602615968,0.010419437411960133
1/5/23,4.3,4.55,4.66,4.75,4.81,4.78,4.45,4.18,3.9,3.82,3.71,3.96,3.78,0.30844462559582153,-0.2698086010555869,-0.31587976990420047,0.035657724657902054,725.3260971580949,4.0967216767081585,0.01117001967495107
1/4/23,4.2,4.42,4.55,4.69,4.77,4.71,4.36,4.11,3.85,3.79,3.69,3.97,3.81,0.4089056192373276,-0.3714719678898448,-0.409309392422491,0.036924258922615305,954.3141333937001,4.088781600364326,0.010757322041257072
1/3/23,4.17,4.42,4.53,4.7,4.77,4.72,4.4,4.18,3.94,3.89,3.79,4.06,3.88,5.16628443985682,-5.120588645632058,-4.473188895618273,-0.05058204047542078,12696.846130058097,196.97935521551778,0.011071596357817378
