Date,1 Mo,2 Mo,3 Mo,4 Mo,6 Mo,1 Yr,2 Yr,3 Yr,5 Yr,7 Yr,10 Yr,20 Yr,30 Yr,β0_nss,β1_nss,β2_nss,β3_nss,tau0_nss,tau1_nss,residual_nss,β0_ns,β1_ns,β2_ns,tau_ns,residual_ns
7/22/22,2.15,2.29,2.49,,2.97,3.01,2.98,2.93,2.87,2.85,2.77,3.23,3.0,-0.06206222527457027,0.08806911183727822,2.531876725572424,-2.5210009439023637,819.3851156694009,874.4105566909093,7.42581147206234e-05,0.3863988874504085,-0.35955034678158276,-0.2439201520648863,4222.146747008638,8.647983058855609e-05
7/21/22,2.15,2.3,2.48,,3.0,3.11,3.1,3.07,3.0,2.99,2.91,3.33,3.08,0.5837339247749687,-0.5575891715348533,-0.7753278868985254,0.04892454576452304,3265.977142162801,212.06222220998086,8.66980157002439e-05,1.1654249624496416,-1.1378530346249949,-0.9845668449142572,5439.900308450338,0.00011324189055214335
7/20/22,1.92,2.29,2.51,,3.04,3.18,3.25,3.25,3.18,3.15,3.04,3.43,3.17,0.9656850717327298,-0.9397147493734728,-1.3882733474836977,0.183428897547107,882.2272555649292,240.2227420747413,0.00012966116748972973,0.37302228443020524,-0.3449583001723141,-0.1774722641083059,4580.290708433691,0.00018533714849682808
7/19/22,1.93,2.29,2.52,,3.06,3.18,3.23,3.22,3.14,3.11,3.01,3.42,3.17,0.42093868700327797,-0.394539727134564,-1.4822085788379502,0.24837099332726792,3652.5732126529983,528.9367686651082,0.00013674541444407747,1.1728965603356978,-1.1448677369202735,-0.9780149856302651,5113.405667265586,0.00017849348070531418
7/18/22,1.96,2.28,2.5,,3.02,3.13,3.15,3.15,3.06,3.05,2.96,3.39,3.14,0.8813713368652458,-0.8550468256102486,0.6638619802722416,-3.848905954758115,1041.6697803969764,2921.8176982288646,0.00012018615699953354,0.318608125576874,-0.2910374923565042,-0.18097618574331686,3098.9977999082193,0.0001528379512674054
7/15/22,1.98,2.26,2.37,,2.94,3.12,3.13,3.14,3.05,3.03,2.93,3.34,3.1,0.7210674667375297,-0.6950996873000757,-4.1056001856711655,2.237999051375341,2021.7650609026498,1222.429246996601,0.00011729888571811312,0.5443142300543866,-0.5170605162932004,-0.316784372142377,5673.07595362635,0.00015229312804096985
7/14/22,1.99,2.32,2.4,,2.93,3.16,3.15,3.16,3.06,3.05,2.96,3.36,3.11,0.6960794236148548,-0.6699793448470077,1.4041729623579158,-3.2587741112234268,951.7023178428891,1608.431263765084,0.00011406187080036715,0.46062719422134113,-0.4331260492159417,-0.3039282541849375,3809.138008563387,0.00015052043036236908
7/13/22,1.78,2.2,2.39,,2.96,3.21,3.13,3.14,3.02,3.0,2.91,3.35,3.08,0.5910576210555722,-0.5653852491314805,0.9921295816824438,-2.8102762010443216,908.6916168542391,1807.535491305678,0.0001594567417161929,0.6374286819930259,-0.6103632730083159,-0.5002861079254659,3322.084009061564,0.00020039423642186606
7/12/22,1.63,2.01,2.22,,2.78,3.07,3.03,3.07,3.01,3.01,2.96,3.37,3.13,0.373280698474238,-0.349477159757141,0.36769262813881476,-1.8431671371486835,602.4466556372324,1899.004274049247,0.00015911456656207148,0.049042369413959626,-0.02382051041167884,2.0682092227471336e-05,292.8714321960645,0.0002083009956346618
7/11/22,1.58,1.95,2.18,,2.79,2.97,3.07,3.09,3.05,3.06,2.99,3.43,3.18,0.3349167580111952,-0.31154755885583274,-1.5468543941494215,0.7670162998064259,1191.8075716881026,596.1038289667682,0.00016531600776177193,0.7430812225078494,-0.7174591712395211,-0.5206735115301164,3714.469958347486,0.0002457126615656487
7/8/22,1.57,1.92,1.98,,2.68,2.96,3.12,3.14,3.13,3.16,3.09,3.53,3.27,0.27412516427965894,-0.2567917858917415,-0.2122269985640066,0.049735275319523806,758.7668163606755,20.08820581493498,5.7941637800270185e-05,0.5586946273121065,-0.5333043946846042,-0.26949382728340743,4049.4182372032483,0.00028489757138107824
7/7/22,1.55,1.9,1.95,,2.64,2.87,3.03,3.05,3.05,3.07,3.01,3.45,3.2,0.8241194136729879,-0.8056916531939617,-0.8439448706547753,0.050015241004363595,896.4100151551985,30.189879053526436,8.429915044852797e-05,0.9084420504128525,-0.8835819460188026,-0.6803256017279649,3439.7888611057174,0.0002617439229696731
7/6/22,1.36,1.7,1.9,,2.62,2.82,2.97,2.99,2.96,2.99,2.93,3.42,3.14,0.6524128785829495,-0.6311508214243879,-2.0251042570816975,0.7499470227122687,1363.8091483323594,569.1433416980709,0.00019148836036791126,0.3038637667883577,-0.2799939758023098,-0.11043720960489992,2519.2504636803924,0.00029822490798646475
7/5/22,1.33,1.71,1.9,,2.59,2.77,2.82,2.82,2.82,2.87,2.82,3.31,3.05,0.9582872422333036,-0.9369296926641186,3.239141431188208,-6.309396072435263,1263.046174952436,2041.59657466926,0.0001730129182473284,1.2041696211585566,-1.1809307123787844,-0.92696083357679,4299.988575416266,0.00025605627302399095
7/1/22,1.27,1.68,1.73,,2.52,2.79,2.84,2.85,2.88,2.92,2.88,3.35,3.11,0.2568319013588542,-0.23647261385440171,0.5103384066882596,-1.7177712114421868,577.3370486283816,1715.1407028581095,0.00018798720683866038,0.8887444545218147,-0.8657668960334708,-0.6630507349571023,3109.7831146814506,0.00029931192369756887
6/30/22,1.28,1.68,1.72,,2.51,2.8,2.92,2.99,3.01,3.04,2.98,3.38,3.14,0.29332017699840834,-0.27308837680269293,-0.7901281304104648,0.3201896222788462,813.1586075425416,318.79654508857107,0.00019126632835896203,1.0034827295053703,-0.9800273760690967,-0.7057454806519349,4040.9313554564146,0.0003400245991578689
6/29/22,1.12,1.53,1.78,,2.55,2.88,3.06,3.13,3.15,3.17,3.1,3.46,3.22,0.24704762474439254,-0.2265019479282942,1.4525402132345677,-3.326739813707893,797.004279884278,1896.7160514080658,0.000279241028406765,0.3805944139460821,-0.35681786497246604,-0.08660684378302397,3488.4646892729306,0.0004526722509790779
6/28/22,1.12,1.59,1.79,,2.55,2.88,3.1,3.21,3.25,3.27,3.2,3.55,3.3,0.020363921699224536,8.430235563054534e-05,-0.90526061681067,0.4337117686418128,1410.3557181420465,411.60832721676985,0.00027015169254840745,0.15269284535097138,-0.12868004407629274,-0.012446923581377839,1311.4357666997885,0.0004712069375660273
6/27/22,1.16,1.57,1.79,,2.56,2.89,3.08,3.21,3.24,3.27,3.2,3.56,3.31,0.48180481029514605,-0.46079617365247727,3.5879438409094053,-8.88805011568813,1315.9515757231766,3254.191577047051,0.0002784952470725848,0.7946374729471046,-0.770438511460323,-0.4430974404262087,4105.990472057838,0.0004708383807670753
6/24/22,1.19,1.6,1.73,,2.51,2.83,3.04,3.13,3.18,3.19,3.13,3.51,3.26,1.1184655858978225,-1.0981459688464663,-2.701563122909142,0.707134241740466,1581.3930559758933,504.5392003976308,0.00024169227167206291,0.3529752173159582,-0.32919001010118154,-0.10511946818323917,2785.944066901183,0.00042715742779347507
6/23/22,1.12,1.54,1.65,,2.44,2.78,3.01,3.12,3.14,3.16,3.09,3.45,3.21,-0.05273745463113314,0.06387688653416744,0.11334373827728078,0.2565186022084931,17.757916441244465,166.1971199523175,2.367625691192277e-05,0.75637111907763,-0.7330619760047092,-0.411367962091944,4087.8998348980163,0.00045096944830899215
6/22/22,0.98,1.42,1.61,,2.4,2.79,3.06,3.2,3.22,3.24,3.16,3.49,3.25,0.8554267790422464,-0.8355770524302366,4.475332279556433,-13.150812392128906,1501.6403120019659,4142.096209689995,0.00032388989666293975,0.8523392949054628,-0.8291541085982148,-0.5044584235059714,3885.082157647481,0.0005511673178652855
6/21/22,1.08,1.48,1.7,,2.46,2.92,3.21,3.35,3.38,3.39,3.31,3.63,3.39,0.5498831511747766,-0.5370812487905685,-0.4242521723619865,0.07108660524918219,1255.764336442412,22.350689161997146,7.224080023193486e-05,0.24164528869729,-0.21743918610441004,-0.04352102141865756,1880.6105482078578,0.0005821114922437128
6/17/22,1.15,1.5,1.63,,2.25,2.86,3.17,3.35,3.34,3.34,3.25,3.55,3.3,1.0371231211314462,-1.0245156370664699,-0.8376500844268548,0.06988384563272804,2132.0009001840613,23.28578533020409,5.085346116833117e-05,0.23004743127933003,-0.20624263722931946,-0.027921154419142093,1985.5279153756487,0.000556194100674168
6/16/22,1.19,1.47,1.59,,2.24,2.88,3.14,3.33,3.35,3.36,3.28,3.59,3.35,0.7909755801786594,-0.7781943498325663,-0.6667596669551057,0.06991381241403238,1458.7675829675436,24.511526648560864,5.612161003360481e-05,0.895557134182987,-0.8716676821025746,-0.6367277189122119,2818.5788964585895,0.0005694531700200298
6/15/22,1.21,1.56,1.74,,2.32,2.93,3.2,3.35,3.38,3.39,3.33,3.64,3.39,0.7025769777413174,-0.681843136693772,5.2426612494893226,-9.467899196024899,1214.2392909452815,2114.3527378903113,0.00029261318341591744,0.26065279381764406,-0.2362832747307403,-0.031514660667191254,2248.8800787732453,0.000531522167011151
6/14/22,1.19,1.55,1.83,,2.43,3.15,3.45,3.6,3.61,3.6,3.49,3.72,3.45,0.39371808826600907,-0.379855119520273,-0.36359901163495156,0.08032908587994204,654.9135160021201,25.74129377611903,8.029402408087853e-05,0.29199975197642863,-0.2661461957846563,-0.059178560199357993,2370.664413121356,0.0006843909462646503
6/13/22,1.13,1.45,1.73,,2.25,2.89,3.4,3.56,3.56,3.53,3.43,3.68,3.42,0.3929879810555529,-0.3727588220486886,-3.8876388613733788,2.7294406357189147,911.4186151559485,627.4936301993921,0.00035803362094256045,0.9654337524026204,-0.9405906991301848,-0.6086382605520029,3787.9670191636783,0.000698042706518286
6/10/22,1.1,1.25,1.39,,1.98,2.58,3.06,3.21,3.25,3.24,3.15,3.45,3.2,0.404509302256363,-0.38841970420386884,-0.5677218668622965,0.10599729023529866,1451.2728187908494,119.76063685864139,0.0002164028043268922,0.6114662311516255,-0.5893289401227342,-0.24619648642427172,3764.284387678067,0.0005880637801659088
6/9/22,1.05,1.17,1.3,,1.81,2.35,2.83,2.99,3.07,3.08,3.04,3.4,3.18,0.36354625388679274,-0.3471436546157679,-3.4981246640395858,0.6752820894390827,4051.1240817368252,549.3318555095784,0.00023222281515715188,0.6861794147729141,-0.6656843613007862,-0.30852345798353453,3604.7737056407714,0.0005034480020599143
6/8/22,0.89,1.1,1.28,,1.77,2.29,2.78,2.94,3.03,3.06,3.03,3.4,3.18,1.0516022607407745,-1.035784753430032,-5.758536908241841,1.7600589743178523,2836.933112573053,832.9251854605899,0.00024691916900905703,0.2921939810040582,-0.2723992268550625,-0.030211761797567224,2231.37551798242,0.0005218801718218701
6/7/22,0.87,1.08,1.26,,1.75,2.26,2.75,2.91,2.99,3.02,2.98,3.35,3.13,0.875645677933129,-0.8663997196841928,-0.6657042500228263,0.06592606361456954,2053.803141786991,26.615021883811373,3.83644443409912e-05,0.766839211575354,-0.7471934947568198,-0.28999807561780006,4510.3400055249,0.0005194601323828009
6/6/22,0.88,1.07,1.26,,1.74,2.23,2.73,2.94,3.03,3.07,3.04,3.41,3.19,0.5652121569770598,-0.5496464845983402,-7.618954073912884,3.070587521107424,2931.2915343887585,1073.6094373155888,0.00024298268632774468,0.4770962942655409,-0.45747030734155075,-0.12289238637084243,3093.9995079959526,0.000529593217077558
6/3/22,0.87,1.05,1.21,,1.68,2.18,2.66,2.87,2.95,2.99,2.96,3.33,3.11,0.33933650631419404,-0.33042434410324184,-0.16017167130501117,0.06397609772582072,1525.511928634375,26.808163765152642,3.191886259228009e-05,0.41114598640597455,-0.39206412896536963,-0.12748854231321394,2485.344781793744,0.0005025241419115407
6/2/22,0.85,1.05,1.17,,1.64,2.15,2.65,2.83,2.92,2.95,2.92,3.3,3.09,0.3716569495796288,-0.35737978955366406,0.27009022307189573,-1.408011569997643,320.89803017660176,983.0805886785183,0.00020218027928519414,0.1658281871923435,-0.14720957961097095,-0.01475790171923678,1145.6725781105126,0.0004840626486414092
6/1/22,0.77,0.9,1.15,,1.63,2.16,2.66,2.84,2.94,2.98,2.94,3.31,3.09,1.4315238072989787,-1.4180593387626805,-2.1843678413041276,0.1916467493580975,2746.1051920800783,218.35911907379693,0.00021751276120944772,0.5266033989896929,-0.5080079546449668,-0.15190778218269455,3295.2105722362417,0.0005555654250070018
5/31/22,0.73,0.89,1.16,,1.64,2.08,2.53,2.71,2.81,2.87,2.85,3.28,3.07,0.89367394930155,-0.8789787679504253,4.694693640288538,-9.258725435599743,1209.0926670693461,2203.8478022145287,0.00022676363732249274,0.7203574645095479,-0.7024267257431621,-0.41336580210428264,2719.5040162179403,0.0004916683346043549
5/27/22,0.69,0.91,1.08,,1.54,2.01,2.47,2.64,2.71,2.76,2.74,3.16,2.97,1.1083622854267334,-1.098895785968595,-1.2204248777674847,0.08309189580731377,779.0423733180683,51.84563578146366,8.529141310069584e-05,0.5551398500124752,-0.5378431151312423,-0.21357720531564217,3097.8341539055677,0.00045797878066178375
5/26/22,0.71,0.9,1.07,,1.52,1.99,2.46,2.63,2.7,2.75,2.75,3.18,2.99,0.5895542398238645,-0.5763476108480153,0.7521427656738547,-3.0008845293734407,565.3331399459837,1581.842144221656,0.00019889329612567358,0.2841269483386154,-0.2670238357481999,-0.03805922085550084,2053.76513251734,0.00044535707637880883
5/25/22,0.58,0.88,1.06,,1.52,2.01,2.48,2.63,2.71,2.76,2.75,3.14,2.97,0.399600209947078,-0.39274764490468556,-0.21846570493320783,0.06344651313019602,1521.086574153065,25.53225249336915,3.744622003411984e-05,0.9237091615270725,-0.9065690836478661,-0.4986802184345176,3943.42464702132,0.0004935528723720781
5/24/22,0.55,0.88,1.06,,1.53,2.02,2.5,2.66,2.76,2.8,2.76,3.16,2.98,0.06305695655476454,-0.049810088505033503,2.974209792631039,-5.34689076185392,983.3493560266231,2028.945388071729,0.0002483628851060794,0.09664993600798125,-0.08001778394616674,1.527641179974952e-05,586.9338197106001,0.0004862821497948149
5/23/22,0.55,0.9,1.07,,1.57,2.09,2.65,2.8,2.88,2.9,2.86,3.26,3.08,0.6099767657915144,-0.5969412794585608,0.6202824011985717,-2.086245108364635,367.91751824702493,757.6722922958106,0.00025640418981798447,0.2292585741856307,-0.2115623050199816,-0.006933110075760982,1731.4994523242442,0.0005756744944824892
5/20/22,0.63,0.87,1.03,,1.51,2.07,2.6,2.73,2.8,2.82,2.78,3.17,2.99,0.5797201266669747,-0.566047501528996,5.502103628283816,-8.115829328769923,1023.8692718925596,1476.937288248216,0.0002659498301597992,0.6570073372694081,-0.6394805916791515,-0.18442496296900363,4296.794309303662,0.0005405603216971952
5/19/22,0.65,0.91,1.05,,1.52,2.11,2.63,2.78,2.84,2.87,2.84,3.24,3.05,0.029141597157820706,-0.016048354276778552,-0.5452331333056613,0.39373507962939014,718.4196353560654,306.37135420650134,0.0002379324052322693,0.4263963837208605,-0.40859148779354115,-0.12735021923389517,2548.4301202832935,0.0005497056760939146
5/18/22,0.56,0.85,1.03,,1.56,2.16,2.68,2.84,2.89,2.91,2.89,3.24,3.07,0.5380684446735643,-0.5319233059311269,-0.2151015332086166,0.07214211169461301,2506.7054990522633,24.278568876930983,3.885928401349396e-05,0.8192741253007056,-0.8013212714943935,-0.30809131253427063,4521.881707670062,0.0006200975008653642
5/17/22,0.61,0.85,1.06,,1.57,2.16,2.71,2.89,2.96,3.0,2.98,3.36,3.17,0.9400832442202083,-0.9262358294062786,2.655238946408073,-7.370873474145693,942.7236446515253,2225.5171064920332,0.0003058083470932456,0.2928732111817672,-0.27473355390315013,-0.035387372011061624,1978.1879637583731,0.0006289223212461375
5/16/22,0.64,0.85,1.07,,1.54,2.07,2.58,2.75,2.83,2.89,2.88,3.3,3.09,0.30031608241874824,-0.29286763045695524,-0.27197715977869336,0.07212676648164909,543.8891942323867,30.9039731297127,5.645636543618515e-05,0.5215554882633209,-0.5039194629715196,-0.13741209844523156,3213.4127100969918,0.0005469300766849003
5/13/22,0.67,0.79,1.03,,1.47,2.04,2.61,2.79,2.89,2.95,2.93,3.32,3.1,0.8779715942698441,-0.8647506775248358,3.875941957314866,-7.911629900098236,994.7275201922671,1849.9498896710634,0.0002640885617669735,0.7274564565001251,-0.7098215843437061,-0.30865728969644557,3482.9365787708302,0.0005950100116238451
5/12/22,0.61,0.77,0.96,,1.44,1.96,2.56,2.73,2.81,2.86,2.84,3.22,3.0,0.8342594644082075,-0.8258710509124366,-0.9732844347046156,0.10215299576133652,590.786408196151,57.07347270746568,9.894712458125423e-05,0.029920168092452057,-0.02499276306461311,0.02042530324739883,12.02755940032393,9.994375757662246e-06
5/11/22,0.59,0.77,0.91,,1.43,1.99,2.66,2.81,2.89,2.94,2.91,3.25,3.05,1.0550874458245942,-1.042680799229427,-3.2785070861043604,1.4830169504447384,848.4394455670694,462.863187121593,0.00026772302737267323,-0.339789600482858,0.3523084631302328,0.5511655746468904,351.7193220566844,0.0002722331986932089
5/10/22,0.57,0.75,0.89,,1.44,2.01,2.62,2.81,2.91,2.99,2.99,3.31,3.12,1.0807274716299922,-1.0698070798752846,-1.890859028679213,0.4686881743568341,496.0922124651388,187.705167434613,0.00017681482571358967,0.6282304267929316,-0.6109416681706801,-0.15904516360772744,3733.810616639432,0.0006632218581605444
5/9/22,0.51,0.73,0.92,,1.43,1.99,2.61,2.81,2.95,3.04,3.05,3.38,3.19,0.42079854054129556,-0.40786841549653485,8.673740443670853,-19.647567458204527,1703.6515217401702,4063.0285527906103,0.00030731486407345254,0.6625243876443057,-0.6452959455107803,-0.26945505927251384,2983.4617298154026,0.0006899479315594788
5/6/22,0.48,0.72,0.85,,1.41,2.08,2.72,2.94,3.06,3.13,3.12,3.43,3.23,0.8558402575225446,-0.8412027805859571,14.607157805194902,-22.980795615508498,2160.4459241882014,3390.596856048932,0.0004330861438509113,0.7351847141586451,-0.7175311455826224,-0.2374951855774428,3762.8931379609885,0.0007939536293417056
5/5/22,0.49,0.71,0.85,,1.37,2.08,2.71,2.91,3.01,3.07,3.05,3.35,3.15,0.6634098282092651,-0.6552631206682379,-0.9595517019198296,0.18975150470262012,372.67641868706676,82.08431619247352,0.00014313783060424678,0.564541140825258,-0.5470688272105799,-0.173922678238498,3017.5832013357494,0.0007712869364612005
5/4/22,0.49,0.74,0.89,,1.44,2.07,2.66,2.85,2.93,2.97,2.93,3.21,3.01,0.900391161930002,-0.8950664812226178,-0.713759878051572,0.07768491811809286,1789.9161462142727,27.390793747956835,4.18719747781394e-05,0.15509772418974777,-0.13799134443191127,1.7012265007080624e-05,1077.9379926756876,0.0006894692638931953
5/3/22,0.48,0.77,0.91,,1.45,2.16,2.78,2.95,3.01,3.03,2.97,3.21,3.03,0.49626560704572675,-0.48917827465541486,-0.5986394110312481,0.1092630852454563,424.95337451096304,45.79864974772327,0.00010846313193808903,0.2303664103016128,-0.21256216782613846,-0.0019517211406614244,1778.0289331213276,0.0007578689477408661
5/2/22,0.41,0.71,0.9,,1.49,2.1,2.73,2.93,3.01,3.04,2.99,3.26,3.07,0.6096117015936966,-0.5977911812069912,0.21596500996948811,-1.8152909834020354,260.9410595105853,742.2921683316711,0.000320552224863494,0.3435010658452132,-0.32591344121701166,-0.05466389420140809,2255.265125977029,0.0007764020019942236
4/29/22,0.37,0.73,0.85,,1.41,2.1,2.7,2.87,2.92,2.94,2.89,3.14,2.96,0.4828892830961864,-0.4708819205719713,-1.7633770492616812,0.5412672828877564,1547.614200582214,382.66154576911447,0.00035446855369796056,0.2693919749126379,-0.25225941429028814,1.6506148849267805e-05,2170.926644971896,0.0007503580105232223
4/28/22,0.37,0.71,0.82,,1.38,2.04,2.63,2.8,2.86,2.88,2.85,3.1,2.92,0.464095839320367,-0.4523014414054779,0.8406274625448329,-2.5203309754938763,483.10357473123133,1188.247441708351,0.0003377443308617356,0.2666902994448024,-0.24998153054224034,-8.275178515909298e-05,2154.5818965961416,0.000715072961808007
4/27/22,0.37,0.63,0.82,,1.39,1.97,2.58,2.75,2.81,2.84,2.82,3.08,2.91,1.3061241346406802,-1.2944269065749727,-5.157044672920492,0.8444916027159001,3960.4028517392326,564.6636717652169,0.00033682883314721307,0.36860569077356425,-0.3522136769703255,-0.031133643144058185,2803.118751907774,0.0006965231751880782
4/26/22,0.38,0.61,0.83,,1.4,1.99,2.54,2.72,2.79,2.8,2.77,3.03,2.86,0.31776789376960973,-0.3058798334963928,2.8194141962217927,-4.866935279840776,813.0548224463666,1453.1382461163685,0.00033487434678288017,0.5092179817722486,-0.4928502322972467,-0.1371433207978679,3258.0825126654227,0.000680157060641788
4/25/22,0.4,0.61,0.91,,1.42,2.03,2.63,2.79,2.84,2.85,2.81,3.06,2.88,0.7108450326189062,-0.7064139024204149,-0.5306161461319112,0.07807834389492166,1666.9665764554202,25.576809286589416,4.184703558765647e-05,0.17376386422365545,-0.15708566383361644,0.12048292448853323,2412.1757205069434,0.0006982802441370402
4/22/22,0.46,0.64,0.83,,1.34,2.06,2.72,2.88,2.94,2.95,2.9,3.14,2.95,0.5793165569263894,-0.5666834264879985,4.289129947025667,-11.389726427308657,1233.0217133573708,3301.689561114888,0.0003892600902268929,0.7049220370277139,-0.6877729224379683,-0.2855011669557635,3625.5899405670953,0.0007741438223896719
4/21/22,0.5,0.65,0.83,,1.32,2.01,2.68,2.87,2.96,2.96,2.9,3.12,2.94,0.27789707979960787,-0.26762125271618975,-0.5473708933558872,0.14029065735188018,1650.3500799903054,140.9987217473151,0.0002665898007971732,0.2209634792046942,-0.20400975089778473,-0.028984969731819486,1474.0975522648387,0.0007467682451729699
4/20/22,0.35,0.56,0.82,,1.29,1.93,2.6,2.79,2.87,2.88,2.85,3.08,2.9,0.6391905269822151,-0.6319387641793149,-1.012221591902672,0.23394266703855618,333.26323423239194,90.79228523777236,0.0001504216884082926,0.09864432419294628,-0.0830097843527574,1.8540655763401456e-07,563.4403742251477,0.0007176909985053817
4/19/22,0.37,0.58,0.81,,1.28,1.94,2.61,2.81,2.91,2.95,2.93,3.19,3.01,1.119226222622459,-1.1071679423819258,7.3114086726008845,-15.257000124617166,1406.6913413396353,2784.5575459011397,0.00036536724604434545,1.038564746090051,-1.0220887266317813,-0.37238870924224393,5453.387047918892,0.0007711714061185083
4/18/22,0.38,0.6,0.81,,1.27,1.84,2.46,2.68,2.79,2.85,2.85,3.12,2.95,0.589272656261483,-0.5786115844718328,-1.9046178944927052,0.6151796611379015,1374.7251479850497,396.821668448923,0.0002731958470481847,0.6677792481912623,-0.6518940739069606,-0.24030978177880108,3491.053240298711,0.0006744667884654531
4/14/22,0.37,0.57,0.79,,1.25,1.84,2.47,2.67,2.79,2.84,2.83,3.09,2.92,0.477545455427752,-0.46669645537481785,-3.6424520583136295,1.9642424365139703,1302.5302077961694,658.6590314740683,0.0002974669313380505,0.9955321520479674,-0.9796742699365456,-0.7145717442030466,2434.681575722238,0.000705801817130566
4/13/22,0.26,0.52,0.75,,1.2,1.78,2.37,2.57,2.66,2.71,2.7,2.97,2.81,0.43244494461606764,-0.422504969107867,-1.7675441153356695,0.6471169175206999,1358.9503434107173,417.2691155151389,0.0002820852060244882,0.2070306448642214,-0.1922561774957566,-0.039779627012523196,1240.7242866121255,0.0006449035946213732
4/12/22,0.21,0.52,0.74,,1.2,1.77,2.39,2.58,2.66,2.73,2.72,2.99,2.82,0.6267138331880362,-0.6166766304916539,0.8355912145971782,-3.516469392137531,551.3124980234263,1678.555618938652,0.0003029672254517264,-0.012329289856701005,0.02078653384691559,0.1186761387574288,112.39371213376921,0.0002053774111748231
4/11/22,0.22,0.54,0.77,,1.23,1.85,2.5,2.73,2.79,2.84,2.79,3.02,2.84,0.6584465515067852,-0.6483011020582822,-2.0057097501905914,0.36490113607314145,2527.8919960550843,317.71141854727824,0.00032663641321315233,0.7928258281079987,-0.7771753686454678,-0.4166078542529565,3214.004553521487,0.0007623749439708977
4/8/22,0.2,0.49,0.7,,1.19,1.81,2.53,2.73,2.76,2.79,2.72,2.94,2.76,1.1345315516874903,-1.1237909368715489,7.4742416686961874,-12.891415304836428,1218.6211439473047,1966.2937426222957,0.0003881553267897482,0.43863802223178106,-0.4233226596635963,-0.09304737306827605,2930.7377245033285,0.0007782755829129665
4/7/22,0.21,0.5,0.68,,1.15,1.78,2.47,2.66,2.7,2.73,2.66,2.87,2.69,0.5907640790479769,-0.5803332707811536,2.02137375050298,-4.8015496209498965,755.5944586430596,1633.1914230360162,0.0003559305583025772,0.48964743507420394,-0.4746105587019205,-0.13221659859855509,3163.972457313858,0.000738657896486611
4/6/22,0.21,0.44,0.67,,1.15,1.79,2.5,2.67,2.7,2.69,2.61,2.81,2.63,0.3059653311099706,-0.29617526743126765,-1.576699761972277,0.557967195633581,1486.4100960964652,389.63703857912014,0.0003576709701600911,1.019191219777738,-1.0041596767028325,-0.5669579433788232,4301.184852930196,0.0007624431688423121
4/5/22,0.18,0.42,0.65,,1.13,1.77,2.51,2.69,2.69,2.65,2.54,2.74,2.57,0.0017209701972463356,-0.0013183028189826566,0.08630941571671882,0.07737503381552546,362.61101632950385,19.929372353233198,9.99736649191288e-06,0.4976717250716885,-0.48282431244695256,-0.15964614104644376,3201.338170840597,0.0007721708644004538
4/4/22,0.18,0.42,0.66,,1.14,1.72,2.43,2.61,2.56,2.52,2.42,2.64,2.48,0.36651253570470044,-0.356865945973166,0.6474554086147842,-2.001842452269177,438.1181563823356,1130.9729253208875,0.000355567639620969,0.33554441394871587,-0.32117042037105753,-0.10049589350582043,2266.2147415876275,0.0006946973714326365
4/1/22,0.15,0.37,0.53,,1.09,1.72,2.44,2.61,2.55,2.5,2.39,2.6,2.44,0.21477734551155003,-0.21045277937475912,-0.5094825026407388,0.2575904274398854,170.15306422120474,74.13770200495902,0.00014886541083094343,0.06468959023918044,-0.05168890954265286,5.051844246626333e-08,347.8207184176984,0.0006906326998223296
3/31/22,0.17,0.35,0.52,,1.06,1.63,2.28,2.45,2.42,2.4,2.32,2.59,2.44,0.28234205316672295,-0.27363725430769015,0.7072001690262423,-1.7099910235308848,433.0753648565389,977.1430138105128,0.0003175789005666738,1.0762228009755517,-1.0627835431714836,-0.7979745314362667,2913.7952126459586,0.0006525571554687226
3/30/22,0.16,0.33,0.55,,1.04,1.64,2.31,2.49,2.44,2.43,2.35,2.63,2.48,0.5047076015282541,-0.5031363312499936,-0.46374424599053543,0.07924528996358955,812.4000070072586,27.037915315860683,4.237753490904182e-05,1.1879375817098003,-1.1744437240415255,-0.7904625533643537,3978.6894232021714,0.0006670426187528621
3/29/22,0.18,0.34,0.55,,1.06,1.67,2.35,2.54,2.49,2.5,2.41,2.68,2.53,0.490792906998753,-0.48147967204131853,2.2792254128623424,-5.458953122830692,850.7890686573376,1973.3072507654322,0.0003604636399248943,0.8990852704223302,-0.8853179812640881,-0.5564495111549691,3310.248236416066,0.0006929775694317068
3/28/22,0.19,0.36,0.59,,1.08,1.69,2.35,2.55,2.54,2.55,2.46,2.72,2.57,0.5378825972921283,-0.5363545954091752,-0.354473055799415,0.07730671765201437,1637.5163550338505,25.052927041049408,2.9162915462979084e-05,1.0188223016002478,-1.004805901850228,-0.6815896888849734,3248.903599291503,0.000699039227521655
3/25/22,0.17,0.32,0.55,,1.01,1.67,2.3,2.51,2.55,2.56,2.48,2.74,2.6,0.5476595379415384,-0.5387965605559217,1.3306012548478738,-3.529610487416581,611.2139542613043,1392.3075264019312,0.00033751949489097406,0.9668112389321268,-0.9531469287243499,-0.6028118900610034,3331.203683642193,0.0007067922061225663
3/24/22,0.16,0.31,0.52,,0.96,1.55,2.13,2.35,2.37,2.39,2.34,2.63,2.51,0.36369462894333815,-0.36240947493065717,-0.22569365977475978,0.07126119051812474,1230.6101166167398,25.804035834859867,2.6299572046724063e-05,0.3256080105197846,-0.3129929024143038,-0.07772727087841527,2144.677657457546,0.000590636218393033
3/23/22,0.15,0.27,0.5,,0.93,1.52,2.13,2.32,2.34,2.37,2.32,2.65,2.52,0.5663839041080403,-0.565214271750596,-0.4361933867728265,0.07186218745263603,1304.2854353126022,26.511857104744653,3.137961443069395e-05,0.5398727074890686,-0.5274493918709058,-0.15927272983406912,3371.6162273800037,0.0005922627562339479
3/22/22,0.2,0.3,0.51,,0.96,1.59,2.18,2.38,2.39,2.42,2.38,2.71,2.6,0.19207035605118178,-0.18411172120785851,0.24750850985132636,-1.0463938195606408,294.8587044647059,1156.8209618561018,0.0002715532600765647,0.6407906828893142,-0.6279587880558256,-0.2841634171871216,3102.1010539247427,0.000606178447340723
3/21/22,0.22,0.33,0.54,,0.95,1.4,2.14,2.34,2.33,2.36,2.32,2.67,2.55,0.7630440039172499,-0.7530116743614501,6.946863674697189,-11.677224769997064,1678.2270071244104,2730.57935292169,0.00031681177334127346,0.15958816309535118,-0.14732573460991452,3.0882025651889826e-05,1209.661214824263,0.0005403822754768744
3/18/22,0.19,0.28,0.42,,0.83,1.29,1.97,2.15,2.14,2.17,2.14,2.53,2.42,0.8413834930065337,-0.8370273701164389,-1.2767766894921615,0.2333752620072699,401.4084162380356,108.20422059627984,0.00011221642341387869,0.03942937952959275,-0.03225638971069475,3.847244019934855e-09,70.85045802546892,0.0003144563247062303
3/17/22,0.2,0.3,0.4,,0.81,1.3,1.94,2.14,2.17,2.22,2.2,2.6,2.5,0.5078542179528693,-0.5005980168280916,-5.158314440296616,3.319283926124468,1324.4349430919035,835.6891610280181,0.0002182611751864804,0.9689826041605469,-0.9577019389323803,-0.5559872372761769,3658.2639822781853,0.00048743589598797515
3/16/22,0.24,0.3,0.44,,0.86,1.35,1.95,2.14,2.18,2.22,2.19,2.56,2.46,0.26849195531883524,-0.26111795553108996,1.3140284104233124,-2.294598803861504,551.6363223929682,963.6049164360877,0.00020923897604621674,0.718025764072689,-0.7064735668950606,-0.37918630964231737,3100.985459706013,0.00047628208643036
3/15/22,0.22,0.31,0.46,,0.86,1.28,1.85,2.04,2.1,2.16,2.15,2.57,2.49,0.38588360069485483,-0.3821422078512407,-0.510012064266113,0.10408843412510196,366.3980371456779,64.10461003934083,7.050568921090101e-05,-0.0034085573347487734,0.009528910769043414,0.08771398824225635,113.31568225730432,0.00012587412351135294
3/14/22,0.23,0.32,0.45,,0.86,1.28,1.87,2.04,2.1,2.16,2.14,2.56,2.47,0.6704848072751455,-0.6632623279787918,0.47474514652275157,-2.7402350473321944,489.43414398121894,1461.4794469435783,0.00018117640996882727,0.5700777432911834,-0.5589672781871936,-0.20567615573854917,3213.5142694840592,0.00041963830484990455
3/11/22,0.17,0.28,0.4,,0.78,1.22,1.75,1.91,1.96,2.01,2.0,2.45,2.36,0.7072043949175426,-0.7039862465908071,-0.8243052362911321,0.0850872525598668,577.2475192007541,58.0667576106764,6.797260756388133e-05,0.31186922289928665,-0.3016981059321683,-0.09004115541395034,1923.7784392764456,0.000374082608175405
3/10/22,0.19,0.28,0.39,,0.75,1.19,1.72,1.88,1.92,1.98,1.98,2.45,2.38,0.4933409510576332,-0.48732313752867307,-1.0133770099187476,0.3076676575235705,854.9800128467974,278.6075876986426,0.00013868507193534239,0.2563038831339407,-0.24638698137374695,-0.06048206343781397,1639.9472466689058,0.00035178163642835496
3/9/22,0.18,0.26,0.38,,0.75,1.15,1.68,1.83,1.87,1.92,1.94,2.38,2.29,0.7356505115210443,-0.7291552453645609,-5.589932319068341,1.8247231949395573,3191.6377863010403,959.3484852214518,0.0001569859616127261,0.2331227788429956,-0.2234643011045002,-0.04290159458246791,1640.3467105005464,0.00033733908966949116
3/8/22,0.16,0.24,0.36,,0.72,1.12,1.63,1.78,1.8,1.85,1.86,2.34,2.24,0.45870581246783587,-0.45763401778236157,-0.2223629227942609,0.05154340611322704,2123.536675124242,25.811536325282816,2.182090603847147e-05,0.9593062837869392,-0.9498898007602679,-0.6081789054555258,3419.693555383701,0.00032887832384872936
3/7/22,0.17,0.23,0.38,,0.75,1.07,1.55,1.68,1.71,1.77,1.78,2.29,2.19,0.8359561476046534,-0.8297078929808249,7.097144630772596,-13.03504830780853,1687.4335487196345,2985.36632059415,0.00013183367617364066,0.5808896689657677,-0.5718751225429856,-0.1810326201822389,3856.854979239562,0.0002791139153618419
3/4/22,0.15,0.21,0.34,,0.69,1.05,1.5,1.62,1.65,1.7,1.74,2.23,2.16,0.564196653536116,-0.5587390383471207,-1.5368765642769064,0.45329279579092263,1517.7593706893535,442.9483555216665,0.0001162132483645425,0.5908865068244045,-0.582298704536836,-0.25032743764732623,3312.3859635510926,0.0002659047623898727
3/3/22,0.19,0.25,0.38,,0.69,1.08,1.53,1.69,1.74,1.82,1.86,2.32,2.24,0.28250848866143674,-0.27640863852108954,2.411601482191724,-5.361139215133296,1083.9227760493259,2521.8497314013684,0.00012223413374021306,0.8806458651753536,-0.8715403676246692,-0.5067454636764875,3582.676714501652,0.0002875906478065155
3/2/22,0.13,0.24,0.34,,0.68,1.06,1.5,1.67,1.74,1.83,1.86,2.32,2.24,1.0260557899882699,-1.020490694406145,-3.3111910285591666,0.7197738050888125,2853.641437199543,604.2797285528923,0.00012003787395654098,0.34217410480641774,-0.3333630736817012,-0.10389898375654139,2117.666682478553,0.0002924445505119673
3/1/22,0.11,0.21,0.32,,0.6,0.91,1.31,1.47,1.56,1.67,1.72,2.19,2.11,0.4112723837957477,-0.4082610993082162,-0.5977133909334345,0.12463399841710925,396.2257889824049,102.9005084247382,4.443930680497063e-05,1.0275909184540275,-1.0197478058501845,-0.7183203836233403,3091.0248021834045,0.00023818965472834988
2/28/22,0.06,0.2,0.35,,0.69,1.01,1.44,1.62,1.71,1.81,1.83,2.25,2.17,0.6844597606417632,-0.6816099475549919,-0.8395810357955493,0.09402570843565897,561.2866922844765,78.09995717651745,5.3771483229453485e-05,0.7431141032534898,-0.7345622155774846,-0.3056181724476578,4142.313515699115,0.00029522313216197207
2/25/22,0.03,0.2,0.33,,0.71,1.13,1.55,1.76,1.86,1.96,1.97,2.37,2.29,0.22316357443678955,-0.21755578612653623,1.828938380648606,-4.013045671233107,857.4332946035015,2031.9425904151292,0.00015379382487181058,0.39010793416990397,-0.3809805811089202,-0.07265589961719546,2748.7806171926227,0.00036378012292046695
2/24/22,0.05,0.18,0.32,,0.65,1.08,1.54,1.73,1.84,1.94,1.96,2.36,2.28,0.45895694373841045,-0.4535422074926604,-5.195296553847314,1.353994062831922,3920.5722157157875,837.0357220945216,0.00014747055102562776,1.0010483490715847,-0.9920712411194939,-0.5882942851649908,3737.1109745057715,0.00036369838485909194
2/23/22,0.02,0.2,0.34,,0.74,1.16,1.58,1.78,1.89,1.98,1.99,2.36,2.29,1.3118715845421347,-1.306530736489938,-2.40734879285323,0.5697283004957142,932.0765217241308,339.5974925226759,0.00013574828605580723,-0.011666787704795603,0.016045421821925664,0.09821653059165539,125.931187233629,0.00011181262476915439
2/22/22,0.03,0.2,0.37,,0.73,1.17,1.56,1.74,1.85,1.93,1.94,2.31,2.24,0.41139011230185185,-0.40910443893982784,-0.48525408867931064,0.077890738050521,465.0765428977469,54.19295693690364,5.5056704197824127e-05,1.0610935304808473,-1.051775495491497,-0.666543462505278,3787.7691563344647,0.0003625206994257418
2/18/22,0.03,0.19,0.35,,0.65,1.03,1.47,1.68,1.82,1.9,1.92,2.3,2.24,0.5858800063105554,-0.5803433235016633,5.342530588612889,-12.310419333960159,1568.2728067044036,3617.3646833671687,0.0001396380836527388,0.12449443940753349,-0.11606466235272409,-0.00908981627471826,857.484362991326,0.0003202186706365066
2/17/22,0.06,0.23,0.36,,0.65,1.05,1.49,1.7,1.85,1.94,1.97,2.35,2.31,0.5535636193474707,-0.5475233647110133,5.311645043534675,-15.372339193674607,1782.2383492559354,5234.544059435352,0.00014032324825484385,0.8685905951772825,-0.8595941498227253,-0.447639998753238,3786.2315934766593,0.00033779937553403714
2/16/22,0.03,0.17,0.38,,0.67,1.09,1.52,1.75,1.9,2.0,2.03,2.39,2.34,0.7582102266019362,-0.7525818058996001,3.153592992732349,-9.048808533238448,1215.1771963790575,3220.2171129966464,0.00015067172362543215,0.9797957699613683,-0.9706538623232935,-0.5571393162895579,3729.042219453493,0.000375845082001997
2/15/22,0.02,0.19,0.4,,0.72,1.11,1.58,1.8,1.94,2.03,2.05,2.42,2.37,0.8407340096994015,-0.8369159746081802,-1.4374163327720262,0.34635851533857076,420.8871534276471,155.6886948623942,7.685018892328386e-05,0.8031661486983847,-0.7937477816113927,-0.41237235374719333,3410.3269628950175,0.0003891202844824714
2/14/22,0.03,0.25,0.43,,0.76,1.13,1.58,1.8,1.9,1.98,1.98,2.35,2.29,0.179779263202413,-0.1742539473852453,0.12122676147354347,-0.8238528089577885,253.03053853553303,1198.9690248150196,0.00013533171619868457,0.5156701522911546,-0.5060918034228296,-0.2143891800198827,2752.153292693314,0.00036147531520693254
2/11/22,0.03,0.22,0.36,,0.71,1.07,1.5,1.71,1.84,1.92,1.92,2.3,2.24,1.0401009787393682,-1.0390707410455104,-0.8157378404394375,0.05293508811122071,2415.703503498811,30.796287392327965,2.1267771930384798e-05,0.2368108031550048,-0.22790569705945724,-0.03415570518526508,1726.668015156602,0.0003341400287254815
2/10/22,0.05,0.31,0.4,,0.74,1.14,1.61,1.82,1.96,2.03,2.03,2.37,2.3,1.0445121271519602,-1.0384140111042286,0.5411601932269773,-3.92267258132968,564.5409852935034,1653.9649621035562,0.00014962572604780087,0.6772198466317972,-0.6674286111273972,-0.29980734321191416,3456.7633781965533,0.00037744604908662694
2/9/22,0.04,0.15,0.26,,0.57,0.91,1.36,1.61,1.82,1.92,1.94,2.31,2.25,0.27545610125181974,-0.26998677675634863,8.633431942394445,-16.61252145106011,1945.9835298566672,3940.8930032936587,0.00012759744224191599,0.28343709411236406,-0.2753695027295387,-0.05558567515735656,1851.5367758120449,0.00033305306413853545
2/8/22,0.03,0.14,0.25,,0.59,0.91,1.35,1.59,1.81,1.93,1.96,2.31,2.25,0.2810488264865226,-0.2789626069580003,-0.5957096271109693,0.24875106534907812,249.68443938875322,113.77294698424228,4.0231548800836665e-05,0.7194794055963079,-0.7113667755833195,-0.26660133747804177,3886.963906354859,0.0003404661985284174
2/7/22,0.03,0.14,0.27,,0.58,0.88,1.3,1.54,1.76,1.88,1.92,2.28,2.22,0.6745880512542182,-0.670035454350167,7.674264216471159,-12.425557121626587,1475.351017959173,2360.568693913403,0.00010704506486521628,0.013540552404145086,-0.011142098374711097,0.04687521316265322,69.1457038435623,4.06263422593959e-05
2/4/22,0.05,0.12,0.23,,0.56,0.89,1.31,1.55,1.78,1.9,1.93,2.29,2.23,0.35488589596948494,-0.3507570046979351,-2.077384255708826,0.7998691377466153,1738.59915208905,557.7549674571437,0.0001022037249451105,1.1154455253118638,-1.107496389420047,-0.7703112277854846,3099.907354905128,0.00033670642632193726
2/3/22,0.03,0.15,0.2,,0.48,0.78,1.19,1.42,1.66,1.78,1.82,2.2,2.14,1.0626152897461574,-1.061162747991469,-1.189601188247098,0.08018213532945674,864.068880913755,76.42355784915135,2.4899939596353216e-05,0.7733223739627293,-0.7661218523457176,-0.37118166585104645,3587.70191975547,0.00028080474843252787
2/2/22,0.04,0.1,0.19,,0.45,0.76,1.16,1.38,1.6,1.74,1.78,2.17,2.11,1.0467838073794125,-1.0454378715653552,-1.1721937803394713,0.07884532314509922,863.3915185984978,77.35935918969797,2.4726613712191723e-05,0.3587869410417504,-0.3519504400488683,-0.11800315179506288,2063.6821051526285,0.00026516795145721257
2/1/22,0.04,0.1,0.19,,0.48,0.78,1.18,1.39,1.63,1.76,1.81,2.19,2.12,0.9910403448966807,-0.9876687970085667,-2.224029339653987,0.5028000812499458,1726.3587219332019,436.60623322307924,7.374258843145376e-05,0.5662657414493304,-0.5592379275593151,-0.21792729208872255,3060.4726303610028,0.00027611906190973533
1/31/22,0.03,0.13,0.22,,0.49,0.78,1.18,1.39,1.62,1.75,1.79,2.17,2.11,0.3157337491298739,-0.31516472176929183,-0.06193499429242717,0.04541804813986836,2579.127745744408,38.312055416750894,1.181027256314383e-05,1.234819019871648,-1.2277099649870125,-0.7115984746179149,4790.081596159673,0.00026994824119363624
1/28/22,0.04,0.1,0.19,,0.43,0.75,1.15,1.38,1.61,1.74,1.78,2.14,2.07,0.9656959947214727,-0.9617859020019317,8.176615871266579,-16.67762367471301,1882.4726981959548,3705.9832357223404,8.62289984600851e-05,0.8632740516024058,-0.8563851304127684,-0.526036638143176,3095.972970033482,0.0002774812289365491
1/27/22,0.04,0.14,0.2,,0.43,0.75,1.18,1.43,1.66,1.78,1.81,2.17,2.09,0.891835281059775,-0.8885345128066436,-1.9446340092351688,0.29205552890058545,2669.5074291297624,345.25128462249967,7.322383088749589e-05,0.9244745693373829,-0.9173279301486528,-0.5028144987718257,3861.384901546079,0.00028896500318393523
1/26/22,0.06,0.11,0.19,,0.4,0.7,1.13,1.39,1.66,1.81,1.85,2.22,2.16,0.791911904992783,-0.7904150403936829,-1.1636944606305963,0.2018408444118516,484.03358727584714,130.24292064660284,2.318711946190964e-05,0.8259886336337812,-0.819123657637951,-0.402509368263283,3631.066572607758,0.0002860540671503184
1/25/22,0.05,0.09,0.19,,0.39,0.65,1.02,1.28,1.56,1.73,1.78,2.18,2.12,0.6440026236060434,-0.6416112245172234,-1.151415545901075,0.29856480063781354,760.9416094081168,254.1994931122303,3.624619772547474e-05,0.8712883557665912,-0.864905234306653,-0.45400143319733444,3610.4711919005804,0.00024963111508044484
1/24/22,0.05,0.09,0.19,,0.39,0.58,0.99,1.25,1.53,1.69,1.75,2.15,2.1,0.6351761417799129,-0.632324807954863,-5.584939563505744,3.4530274908332164,1541.56588749118,957.4520099310527,5.2893025639016114e-05,0.3043079200431925,-0.29825175484777366,-0.07425213732091755,1882.2010957097555,0.000230116536666529
1/21/22,0.05,0.08,0.17,,0.35,0.58,1.01,1.28,1.54,1.7,1.75,2.13,2.07,0.6537036356598669,-0.6510208135294129,0.949978495308278,-2.9234303608113517,599.355736079652,1295.6473901412953,5.414911674101436e-05,0.8092307673331252,-0.8030676544414421,-0.4736843057833918,2965.5622573279734,0.00025250604574611674
1/20/22,0.05,0.09,0.17,,0.36,0.6,1.08,1.34,1.62,1.77,1.83,2.19,2.14,0.7335968378205286,-0.7306927680902513,-3.6457600563619548,1.3094886172045763,2140.6959203667966,735.0485913430432,6.658779055430743e-05,0.6079872263997632,-0.6015392029131333,-0.3180651220761637,2447.9568244803345,0.0002783418233921952
1/19/22,0.05,0.06,0.17,,0.36,0.57,1.04,1.33,1.62,1.78,1.83,2.2,2.14,0.6366969203936752,-0.6340662349156148,1.0661757097474567,-3.0999767771821944,614.6282511982054,1332.2631471760346,6.0737389852287894e-05,0.38483737409145324,-0.37856233100400116,-0.09032058830943245,2374.7105361093745,0.00027472144699816587
1/18/22,0.05,0.06,0.16,,0.37,0.58,1.06,1.35,1.65,1.82,1.87,2.24,2.18,0.6208517358191095,-0.6199193038054633,-0.8814742100068125,0.15720657175016745,480.11815429821047,116.5843964463085,1.7029106051831266e-05,0.9453434102607848,-0.9388716513748959,-0.42476324587562087,4315.808747736415,0.0002924339134674418
1/14/22,0.05,0.05,0.13,,0.3,0.51,0.99,1.26,1.55,1.72,1.78,2.18,2.12,0.6977908385023315,-0.6973730691987432,-0.672975992446885,0.058007625014975556,1332.9889923735159,70.26502072281313,9.997960524798179e-06,1.0551703911035994,-1.049259998657341,-0.545947361605624,4305.745367122075,0.00026227211109600395
1/13/22,0.05,0.05,0.12,,0.28,0.47,0.91,1.18,1.47,1.64,1.7,2.1,2.05,0.4759636969065552,-0.47386958083890124,-2.86659983003779,1.4356447561265837,1456.9618553645068,700.6852326162953,4.5401192407542536e-05,0.7187123372697215,-0.7132532428678086,-0.31023645513198694,3478.1795452682095,0.00023119399330994946
1/12/22,0.04,0.06,0.12,,0.27,0.48,0.92,1.21,1.5,1.67,1.74,2.13,2.08,0.8913695232822968,-0.8897642965065229,-1.3443467926260657,0.21079248324312502,1204.5140217063624,240.51519225065715,3.1311322505156667e-05,0.7933141598362459,-0.7876908649226904,-0.42741458367539936,3132.4220720330086,0.00024538449503932547
1/11/22,0.04,0.05,0.11,,0.28,0.46,0.9,1.22,1.51,1.69,1.75,2.13,2.08,0.7785134972696218,-0.7768131908500956,-2.190863624605387,0.18666629608153323,6736.209695631915,275.3420306089778,3.960282289823274e-05,0.2956649505927421,-0.2902136907486205,-0.055007917408127646,1905.1578972768966,0.00024362476062460267
1/10/22,0.05,0.06,0.13,,0.28,0.46,0.92,1.21,1.53,1.71,1.78,2.15,2.11,1.2241743741423508,-1.2209169827883575,7.301323892515232,-12.939530759862034,1541.9819239056678,2503.6530483577603,5.852500800202679e-05,0.2916652743646098,-0.2861120890754859,-0.08248049653362029,1640.064724730965,0.0002454218965342542
1/7/22,0.05,0.05,0.1,,0.24,0.43,0.87,1.17,1.5,1.69,1.76,2.15,2.11,-0.06735767743711889,0.06838479518656747,0.14746968584127165,0.1210174248396407,173.50643370437894,1230.458159707122,2.292825750237425e-05,0.36082194332065776,-0.3555445414656495,-0.08380414481576923,2172.4852886977214,0.00024012200198406493
1/6/22,0.04,0.05,0.1,,0.23,0.45,0.88,1.15,1.47,1.66,1.73,2.12,2.09,0.7975428229994025,-0.7955497519861137,1.8149615863562203,-5.2652050586954635,907.7902267405893,2124.6019540660745,4.5888918747700814e-05,0.6444422656484425,-0.6391485356522791,-0.2702634907713421,3074.7547299602584,0.00023519190758207315
1/5/22,0.05,0.06,0.09,,0.22,0.41,0.83,1.1,1.43,1.62,1.71,2.12,2.09,0.5883522698812484,-0.5865489001399817,2.229574232334637,-4.677841204679756,895.7886968291282,1702.7622001311413,3.759379224429941e-05,0.33820844317679805,-0.33325223332539056,0.0005743911023611623,2660.3736278810884,0.00021349715971353045
1/4/22,0.06,0.05,0.08,,0.22,0.38,0.77,1.02,1.37,1.57,1.66,2.1,2.07,0.49997165419403616,-0.49925297519100587,-0.6227297760326824,0.09739673576321614,1007.4566336252401,146.63049112176247,9.995944559527001e-06,0.6830561940316011,-0.6783207870061203,-0.2823566362461998,3291.4827273250744,0.00019702331395677442
1/3/22,0.05,0.06,0.08,,0.22,0.4,0.78,1.04,1.37,1.55,1.63,2.05,2.01,0.7706911978406592,-0.7690392064765008,-3.5040937709504325,0.825452455866123,3288.746853537196,678.744341301273,3.22978544531793e-05,0.5054030126126056,-0.5006223101685494,-0.1847582552917082,2687.528553679346,0.00019633875954678897
12/31/21,0.06,0.05,0.06,,0.19,0.39,0.73,0.97,1.26,1.44,1.52,1.94,1.9,0.5522565797145212,-0.5512111734678193,-1.0158406352632026,0.2890116451665357,682.1698633859577,256.27463427284897,1.4081493647717348e-05,0.7173149338004511,-0.7128868469515088,-0.18938173861884783,4727.033238136116,0.00016828816245839512
12/30/21,0.06,0.06,0.05,,0.19,0.38,0.73,0.98,1.27,1.44,1.52,1.97,1.93,-0.017834438375959095,0.019291776701002232,-0.9838723272022535,0.7938839405198002,876.4526458526555,523.5607644582833,2.4269075119514315e-05,0.058133948245959126,-0.05457275415350859,0.00010417824474772156,332.18393384732735,0.0001290224432694368
12/29/21,0.01,0.02,0.05,,0.19,0.38,0.75,0.99,1.29,1.47,1.55,2.0,1.96,0.26005639413531445,-0.25963878462773815,-0.402533253697844,0.12284034833588253,480.1358481440272,144.89283140933742,9.99049132081785e-06,0.6889064164590527,-0.6844990908117277,-0.34809173759203454,2965.632265310125,0.0001850566509109175
12/28/21,0.03,0.04,0.06,,0.2,0.39,0.74,0.99,1.27,1.41,1.49,1.94,1.9,0.4627467970277411,-0.4620648258393365,-0.3703506758906776,0.038495647294850104,1501.1410882995576,63.832142185214195,9.211011931644253e-06,0.9412361634204452,-0.9368053904259354,-0.6191313267652293,2996.427101402239,0.00017426146944731342
12/27/21,0.04,0.05,0.06,,0.21,0.33,0.76,0.98,1.26,1.41,1.48,1.92,1.88,0.5909535942511477,-0.5905285628250071,-0.9692597546507993,0.22832267371979412,465.90134096863005,166.12185836361945,1.0164600351393488e-05,0.3384171508814012,-0.3340855177409905,-0.11163637052105421,1996.4863452129339,0.00016535808292253114
12/23/21,0.04,0.05,0.07,,0.18,0.31,0.71,0.97,1.25,1.42,1.5,1.94,1.91,0.11290240502523127,-0.1115722590336142,1.4985241820376234,-2.461386780613376,766.6346367739961,1414.975981619025,2.6431018507192078e-05,0.6757257966970976,-0.6714679097304527,-0.2962461008737374,3377.0137212178197,0.00016672299192446583
12/22/21,0.03,0.04,0.08,,0.16,0.28,0.68,0.96,1.23,1.39,1.46,1.89,1.86,0.3450720639092507,-0.3439938078838154,0.4308658364635154,-1.4527779704932406,455.2830450165612,1096.4501884170766,2.3170360249075694e-05,1.0945168456046075,-1.090325838934998,-0.7030417697199418,3704.239388014138,0.00016683893637697654
12/21/21,0.03,0.04,0.07,,0.16,0.29,0.7,0.96,1.24,1.4,1.48,1.92,1.89,0.5519510519682489,-0.552331866875297,-0.5853639912150863,0.05874512793020979,964.5867858294021,92.59705081164523,8.861699339546902e-06,0.7047287333951247,-0.7005817557585917,-0.3252420998462062,3407.8746108087553,0.00016601097067062598
12/20/21,0.03,0.05,0.07,,0.16,0.27,0.65,0.91,1.17,1.34,1.43,1.9,1.85,0.5603387045505915,-0.5592898748904735,0.3993034683574911,-2.1720994366520183,519.2369051027758,1458.9626612769903,1.903364028034841e-05,0.3961924798369597,-0.392329950532842,-0.13069979735709092,2348.4386870852154,0.00014527480502969742
12/17/21,0.03,0.04,0.05,,0.13,0.27,0.66,0.93,1.18,1.34,1.41,1.87,1.82,1.0575000304969504,-1.0567805196018818,-0.8056074161974693,0.035960160699136844,4398.272386448358,76.28025427484923,9.929064613188671e-06,0.8277284037828887,-0.8238277397528693,-0.4012365900527547,3962.3121956769987,0.0001545316656126071
12/16/21,0.04,0.06,0.05,,0.13,0.26,0.64,0.92,1.19,1.36,1.44,1.91,1.87,0.8859283726360236,-0.8847723151197006,4.2766131159870575,-7.597780492351169,1194.4753363697967,1907.8275825956216,2.3643931042657356e-05,0.8478377359943826,-0.8439369940037555,-0.5532077376153195,2724.350484642485,0.00015810146627345844
12/15/21,0.03,0.05,0.05,,0.13,0.29,0.69,1.0,1.26,1.42,1.47,1.91,1.86,0.3054080456882851,-0.303795059966766,3.5253825320101297,-7.939710768136684,1442.032514749916,3401.3678125453434,3.553999958231233e-05,0.49408712201600197,-0.4899529359345103,-0.17314203283264284,2850.711818237322,0.00017542001745317616
12/14/21,0.02,0.05,0.05,,0.13,0.26,0.67,0.98,1.23,1.39,1.44,1.87,1.82,1.0266244647193803,-1.025459487738014,-4.616277775293549,1.5094769691848897,2686.624436660678,895.3344998503594,3.087613275851794e-05,0.6994524243242553,-0.6954029272849357,-0.3190881168880259,3519.4139255753844,0.00017083568795873058
12/13/21,0.01,0.05,0.05,,0.11,0.27,0.66,0.95,1.21,1.37,1.42,1.86,1.81,0.32430228590886123,-0.32349744499604743,-0.8586076001869583,0.30616517108516955,1102.4434118129643,349.279080661678,2.198007063081626e-05,0.7953202515830744,-0.791388480069814,-0.39786734945440455,3689.6898493540934,0.00016552861971066125
12/10/21,0.03,0.06,0.06,,0.13,0.27,0.67,0.98,1.25,1.42,1.48,1.91,1.88,0.8361455327100187,-0.8356169860830329,-0.7968913135724525,0.052198235047807885,2510.1527718976004,100.13680592223744,8.847632369305475e-06,0.39366838529491677,-0.389623306033099,-0.04446541641226323,3029.1923478884796,0.0001685631745310058
12/9/21,0.03,0.06,0.06,,0.12,0.28,0.7,0.99,1.26,1.42,1.49,1.91,1.87,1.1205753417815425,-1.119317069688821,2.0734012843831353,-5.422446999446527,897.5551549726696,1694.6164008243832,3.035333336988478e-05,0.6731415105295279,-0.6689913887566972,-0.00029383597355354995,6008.536663969704,0.00017504154710317146
12/8/21,0.04,0.05,0.07,,0.13,0.29,0.68,0.99,1.27,1.44,1.52,1.93,1.87,0.1724374085547556,-0.1714715113099182,-0.7338110346407809,0.28044767837073553,1439.2467503209373,353.2895503375277,2.2593889972913502e-05,0.745041214628201,-0.7408163787258477,-0.2625344800598595,4316.7335438047285,0.00018008888431487639
12/7/21,0.05,0.06,0.06,,0.15,0.31,0.7,0.99,1.26,1.43,1.48,1.88,1.8,0.422563386153746,-0.4212909186754197,-2.0233572708763767,0.8025663519810338,1671.3784423936972,604.4625453504709,2.772857057633194e-05,0.9055247924236686,-0.9011632199414441,-0.5857549900478972,3085.6015936118006,0.00018275877010946214
12/6/21,0.05,0.05,0.05,,0.12,0.28,0.65,0.91,1.21,1.38,1.43,1.84,1.75,0.5559696536601711,-0.5547556711551596,3.0326796150639557,-6.075690420721347,1141.4061716765507,2166.181201300261,2.568903841244047e-05,0.5108660042734747,-0.5068676620418919,-0.18973155885755158,3023.210223432189,0.00016369148282734426
12/3/21,0.04,0.05,0.06,,0.09,0.26,0.6,0.86,1.13,1.29,1.35,1.77,1.69,0.8767209204025586,-0.8755012057801066,1.9629996406469126,-4.937790943404199,982.4067712823542,1914.1661404662336,2.1519044103077227e-05,0.6382800558799242,-0.6345991911128859,-0.1503628583841296,4756.137490315958,0.00014175669525587074
12/2/21,0.05,0.05,0.05,,0.09,0.27,0.63,0.9,1.21,1.38,1.44,1.87,1.76,1.0024782843014348,-1.0015829441057076,-2.7382869291584586,0.8592556334970374,1611.565246952795,594.0547519930458,2.0644355709942415e-05,0.44704047638603245,-0.4431389711414254,-0.15672179145676454,2668.980730945218,0.00016538596318754322
12/1/21,0.09,0.04,0.06,,0.1,0.25,0.56,0.85,1.15,1.35,1.43,1.84,1.77,0.20422717372351187,-0.20328676744383806,-3.1466573195272973,1.9546462824892785,1534.4225952828901,864.1779148403085,1.7309403789658167e-05,0.44040815964155494,-0.43670423721001345,-0.12342178265740338,2896.568512743199,0.00014623930789135802
11/30/21,0.11,0.05,0.05,,0.1,0.24,0.52,0.81,1.14,1.36,1.43,1.85,1.78,1.3438533445450076,-1.3430713243746897,-1.9033819017507279,0.13148795942637917,4057.8566733889766,251.95256541688377,9.966391120791562e-06,1.024974935826087,-1.0212673361159506,-0.7028744820269551,3105.3687178265736,0.00015042651037277787
11/29/21,0.07,0.04,0.06,,0.1,0.21,0.51,0.83,1.18,1.42,1.52,1.93,1.87,0.19694570914836945,-0.19650415455256948,-0.6593712133788482,0.2500320046770519,1314.9350107434261,331.1555279757862,1.090702475191656e-05,0.14698400876412093,-0.1436001514715817,-5.371986189367345e-05,1122.6289441634751,0.00014911994899769203
11/26/21,0.11,0.04,0.06,,0.1,0.2,0.5,0.81,1.16,1.4,1.48,1.89,1.83,0.483926833983237,-0.483246572534047,-1.892048278870555,0.5834316940230524,2060.162977620256,556.2984193800157,1.4226986806443651e-05,0.9094152078100226,-0.9057977335316222,-0.4596218120942944,4037.875837768034,0.00015463200091826387
11/24/21,0.14,0.05,0.06,,0.1,0.24,0.64,0.97,1.34,1.58,1.64,2.03,1.96,0.22965120976979833,-0.22890425591510472,-0.8206577346562594,0.4265985416886038,750.8983223274917,345.14923936693026,1.885646037553553e-05,0.8956443597524189,-0.891274031707531,-0.42226002475161784,4029.238769167518,0.00020738480575901622
11/23/21,0.06,0.04,0.06,,0.07,0.21,0.6,0.95,1.33,1.58,1.67,2.08,2.02,0.31715137645244545,-0.31711793922734344,-0.3082438311663313,0.06635974906290121,2989.473573949864,116.95418175997924,8.885853936299234e-06,1.1265562130909108,-1.1224576098965133,-0.7830593366871639,2885.998114427484,0.0002211059532621909
11/22/21,0.07,0.03,0.05,,0.07,0.2,0.63,0.95,1.33,1.55,1.63,2.03,1.98,0.9228063274504774,-0.9226276747069357,-1.2821812864512547,0.10908545726605096,4051.0610397142777,187.09537936431803,1.4893515327095976e-05,0.4048672995381082,-0.4008908053552803,-0.04331568384127202,2882.229530078052,0.0002038820643517263
11/19/21,0.11,0.04,0.05,,0.06,0.18,0.52,0.86,1.22,1.45,1.54,1.95,1.91,0.46698069185748853,-0.46635833789967085,1.051846904918452,-2.8212220747333694,694.7747447290474,1561.1057052207311,1.92471630833691e-05,0.7104422219732464,-0.7067645525527466,-0.292079272233217,3566.064455495889,0.00017152210278984344
11/18/21,0.12,0.05,0.05,,0.06,0.18,0.52,0.84,1.22,1.47,1.59,2.01,1.97,1.1433677282355315,-1.1439205722613113,-1.0960626621764729,0.048686640602070994,1737.083456181752,79.5241124854016,9.20524910353172e-06,0.2028329829261563,-0.19934393748658918,0.0005680750599868629,1532.243228104889,0.00016298447670874564
11/17/21,0.06,0.05,0.05,,0.06,0.18,0.52,0.85,1.24,1.49,1.6,2.04,2.0,0.591614977280614,-0.5913885234732718,-0.5243385633282773,0.04412191495258676,1556.0572535094132,85.43741775175447,9.97835189766051e-06,0.4807676139099451,-0.4771914408539422,-0.11420208458134253,2889.337833875645,0.00017722277024575627
11/16/21,0.06,0.06,0.05,,0.07,0.17,0.54,0.87,1.27,1.52,1.63,2.06,2.02,0.3723100701813114,-0.37172640872141016,1.0419245908642103,-3.471993151311458,768.3459115314838,2396.2655515959796,2.0239557689226336e-05,0.5921962757290625,-0.5884711312932686,-0.23467222160774434,2827.2927092192995,0.00018810589460357578
11/15/21,0.06,0.06,0.05,,0.06,0.18,0.53,0.87,1.26,1.51,1.63,2.05,2.01,0.6402355481217201,-0.6396571351086998,-3.7916088432198602,1.7806850844520152,1814.303699412964,837.0465892080582,1.935690995468036e-05,0.9065340470927766,-0.9027805052761336,-0.4794493475352023,3466.2277205410633,0.00018944321068698082
11/12/21,0.05,0.05,0.05,,0.07,0.17,0.53,0.85,1.24,1.47,1.58,1.99,1.95,1.1980453863928817,-1.1959183371342696,3.6815536660479036,-7.113159920374383,1491.444546206157,2348.748489641176,6.30795508789857e-05,0.8547030462784044,-0.8510672543788319,-0.407522672582133,3714.804152253174,0.00018043728457694782
11/10/21,0.06,0.06,0.05,,0.07,0.17,0.51,0.83,1.23,1.45,1.56,1.96,1.92,0.27744259024338863,-0.27697088762859134,0.6931045516656836,-1.8184637160384685,568.5523494358318,1380.855889484669,1.662581036961731e-05,0.10675604524226373,-0.10355117368813437,-3.528555454883867e-07,737.6747084804401,0.00015315536312991072
11/9/21,0.04,0.05,0.04,,0.06,0.14,0.41,0.71,1.08,1.32,1.46,1.86,1.83,0.45079336215682986,-0.45053280896851344,0.6629854883178674,-2.3946682626024787,637.3358229849822,1715.9951198980696,1.0335410364527639e-05,0.7401065513262923,-0.7370740490224021,-0.40272672094963713,2966.9846785460663,0.000141344904488682
11/8/21,0.04,0.06,0.06,,0.07,0.16,0.45,0.75,1.13,1.38,1.51,1.91,1.89,0.3594445660039485,-0.35911621197893207,0.11101020726139701,-1.9676731247132295,391.2471341604021,2373.088066927947,1.1155086234538413e-05,0.8885028231017609,-0.8851645078876332,-0.5179912589517495,3222.237888085436,0.00015246641226387668
11/5/21,0.05,0.06,0.05,,0.07,0.14,0.39,0.66,1.04,1.3,1.45,1.88,1.87,0.3111076509762476,-0.3104811500616442,-0.4208040871587757,0.09348998818983077,1343.9306646210925,207.24617293008257,6.883174430656146e-06,0.13341667788677375,-0.13075504749316844,-0.019111449553051094,853.5124658921986,0.00011348317114632848
11/4/21,0.05,0.05,0.04,,0.07,0.14,0.41,0.69,1.1,1.37,1.53,1.96,1.96,0.20242860867836204,-0.20197849372987908,-5.001246842377386,3.589256972133775,1567.910052825935,1052.506594688888,1.0744672664077179e-05,0.9827219758160496,-0.9796687241168383,-0.5862110931798862,3301.6430841985853,0.00014603521219661294
11/3/21,0.05,0.07,0.05,,0.07,0.17,0.47,0.77,1.19,1.46,1.6,2.01,2.0,-0.23084396898779028,0.23113820029617926,-0.39312020988427565,0.4795667304350828,987.9910099316619,466.058075810408,1.1781909087711638e-05,0.4656731682299853,-0.46228496259898355,-0.159698179773145,2415.0770326807947,0.00016366336932587203
11/2/21,0.05,0.06,0.05,,0.07,0.15,0.46,0.73,1.15,1.42,1.56,1.97,1.96,0.8319746384633664,-0.8317164832682912,-2.5995453654669474,1.0244057125524435,1364.5847464794483,610.2073634175492,1.0873425332527898e-05,0.8076093231689524,-0.8043140986896826,-0.39583670446009367,3389.101940052743,0.00015683674347605921
11/1/21,0.05,0.09,0.05,,0.06,0.15,0.5,0.79,1.2,1.46,1.58,2.01,1.98,1.3070798931206036,-1.306435457724715,1.3812586676681629,-6.317566084169538,953.5933411123731,2569.629456718664,1.688486963961246e-05,0.6583246955739065,-0.6548536364082614,-0.24425396084752937,3350.725130480385,0.00016741343515334187
10/29/21,0.06,0.08,0.05,,0.07,0.15,0.48,0.75,1.18,1.44,1.55,1.98,1.93,0.8599760255806488,-0.8595862000648344,-2.971571128870096,1.1131121867207456,1676.1369415552717,678.9757189141254,1.302368650692108e-05,0.6844047127661504,-0.6809976444869718,-0.3229592499311649,3003.3784805598866,0.00016322513706027724
10/28/21,0.06,0.1,0.06,,0.06,0.15,0.5,0.77,1.18,1.44,1.57,1.98,1.96,0.8996977792929284,-0.8989816578968495,4.406770844811195,-6.860865207395825,983.1769172161199,1360.7173519248213,1.5141293335127841e-05,0.5915638407502122,-0.5881188550389211,-0.12317004809762985,3813.242588104119,0.0001592491651061836
10/27/21,0.06,0.07,0.06,,0.07,0.12,0.5,0.77,1.16,1.41,1.54,1.93,1.95,0.8693011956172447,-0.8687306074888386,3.1892589761275083,-5.383965767578861,853.3316122922239,1224.6408072159284,1.5327765682868377e-05,0.38682393178705204,-0.3835216308966516,-0.08764571279065901,2417.035614016814,0.00015116105604176953
10/26/21,0.06,0.08,0.06,,0.06,0.14,0.47,0.77,1.2,1.46,1.63,2.03,2.05,0.12314493955350155,-0.12289348929459447,-1.1810572908951826,0.8177015616589591,859.491509306762,500.12191070597476,1.182424116041394e-05,0.41689522433760173,-0.4135260641633708,-0.16127079584366713,1975.4370220373678,0.00016379575735813562
10/25/21,0.07,0.1,0.06,,0.06,0.14,0.47,0.76,1.19,1.47,1.64,2.07,2.09,0.4831212965202673,-0.482791996096038,-1.709102978773855,0.43722730284585454,2429.132322130418,485.97142015445286,1.2017725381192782e-05,0.5233637016646147,-0.5199962195857357,-0.17229008243090022,2672.646455175338,0.0001604395723569331
10/22/21,0.05,0.09,0.06,,0.07,0.13,0.48,0.79,1.22,1.49,1.66,2.06,2.08,0.9278767431306661,-0.9275597998376158,-2.4401092976492182,0.6232571211532382,2026.8035322786754,543.2509212768284,1.4238788802599444e-05,0.1215677240161426,-0.11848731118639505,4.82307187272919e-05,789.6827861695311,0.00015242299970443538
10/21/21,0.06,0.08,0.06,,0.06,0.12,0.45,0.78,1.23,1.52,1.68,2.1,2.13,0.6068542115370867,-0.6066748698353217,-1.8154441433702413,0.6519831753353088,1389.6549267202104,507.7576251233654,1.3874279868885353e-05,-0.07304807684959533,0.07289331867213897,0.1872924392007214,248.67486318376234,9.98662819787085e-06
10/20/21,0.06,0.07,0.05,,0.06,0.1,0.4,0.7,1.16,1.46,1.65,2.09,2.12,0.11695510450924056,-0.11682926400598842,0.13522003236278635,-0.8293768683201991,320.41710210769185,2112.484598507062,9.996984865076264e-06,0.7256428819230858,-0.7225697117155618,-0.38904281746008196,2548.8531518150057,0.00016308016859740846
10/19/21,0.06,0.09,0.05,,0.06,0.11,0.41,0.71,1.17,1.47,1.65,2.07,2.09,0.530690985168048,-0.5304019807135606,2.3704846593214315,-5.678038507674988,1093.792439142421,2490.604418417216,1.4384840654270216e-05,0.9394431623242563,-0.9362454030107656,-0.5509378805316022,3024.6587185909802,0.0001675705249610414
10/18/21,0.05,0.09,0.06,,0.06,0.11,0.44,0.72,1.16,1.43,1.59,1.99,2.01,0.4866817128454947,-0.4853243706673831,4.940274819720859,-7.7091769586559415,1574.4421755268222,2433.580401336467,3.282942990857882e-05,0.27606369204353304,-0.27296148864055303,-0.02414371407234315,1901.21103400648,0.00015022972205804697
10/15/21,0.04,0.08,0.05,,0.06,0.12,0.41,0.7,1.13,1.42,1.59,2.02,2.05,0.3994555091865124,-0.3993342503152836,-1.7863711433512173,0.39367214695802377,3233.081406101521,485.1126806885678,1.0457074887753569e-05,0.34568463936885674,-0.3426749227146346,-0.11143422898253068,1763.408846486934,0.0001468794305762465
10/14/21,0.05,0.08,0.05,,0.06,0.1,0.36,0.62,1.05,1.34,1.52,1.97,2.02,0.20649176944776096,-0.20613464632264916,1.138527679748227,-2.111232329543288,765.9230591804034,1480.506727523033,9.996251360730843e-06,0.6311678281456045,-0.6283727712543055,-0.32147712257871863,2481.2199352497887,0.00012897779658938333
10/13/21,0.03,0.06,0.05,,0.06,0.11,0.37,0.66,1.09,1.38,1.56,2.0,2.05,0.5676578631543188,-0.5673541514997227,-0.7563247930295506,0.12777662215388172,905.7676232324575,205.35483917446132,8.679670227199494e-06,0.6047573829007477,-0.601919872303437,-0.23398680174193154,2871.2801627852123,0.00013910600471995216
10/12/21,0.03,0.07,0.06,,0.06,0.1,0.35,0.64,1.08,1.39,1.59,2.05,2.1,0.70900628013689,-0.7095503411842767,-0.549149205977655,0.03938883957929708,2253.5290382838893,84.15699933836927,9.99323854863339e-06,0.9143727748322885,-0.9115817306607904,-0.44213968948013826,3596.327634287045,0.00014072835718456422
10/8/21,0.02,0.07,0.05,,0.07,0.09,0.32,0.59,1.05,1.39,1.61,2.11,2.16,0.685863241211446,-0.685579021603485,3.7233685899637234,-7.447306218388887,1358.2127817082621,2561.6643495836274,9.945383127376122e-06,0.7157821092278134,-0.7131638896884442,-0.322044188805108,2888.497116591573,0.00013670235258579172
10/7/21,0.03,0.09,0.05,,0.06,0.1,0.32,0.57,1.02,1.36,1.58,2.08,2.13,0.49481465013244075,-0.4945268917838954,-1.1465843401396711,0.2685887786102961,2356.2725283910536,440.5950228667253,9.893778050260528e-06,1.070316224525655,-1.0677125631503201,-0.63121102733247,3339.3959573312886,0.00013122056551689008
10/6/21,0.06,0.04,0.04,,0.06,0.1,0.3,0.55,0.99,1.32,1.53,2.02,2.08,0.7089323660395251,-0.7087736512514123,-1.3935855940852342,0.2182816721974091,3232.4353608147126,393.67844016784835,8.236113403001169e-06,0.525973412506202,-0.5235217880991726,-0.23341759014943458,2220.518784805704,0.00011947260269197006
10/5/21,0.1,0.04,0.04,,0.06,0.09,0.28,0.54,0.98,1.32,1.54,2.04,2.1,0.9856580885207216,-0.9853251257769464,2.3662909503118272,-7.550241440802313,1283.0886864644126,3313.0503792651784,9.443951959333108e-06,0.47600735533523797,-0.4736189700856875,-0.11435388088455395,2666.905214972334,0.00011567577333292825
10/4/21,0.09,0.04,0.04,,0.06,0.09,0.27,0.52,0.95,1.27,1.49,1.99,2.05,0.7212103916471417,-0.721814014468205,-0.8934097233235602,0.09645603159112025,3595.7039119130313,222.51257517020247,6.287708150332415e-06,0.038334525776256095,-0.03774411768615908,0.0018254401190493706,148.72113248517024,3.689775794022558e-05
10/1/21,0.08,0.04,0.04,,0.05,0.09,0.27,0.49,0.93,1.26,1.48,1.99,2.04,0.4044809049761595,-0.4038164044671718,1.7585644338604194,-3.375613438263955,978.6318885272677,1768.440698992579,9.992880078985754e-06,0.6251822011445771,-0.6229220990066687,-0.27179663265316445,2720.742767640519,0.00010721241751533943
9/30/21,0.07,0.05,0.04,,0.05,0.09,0.28,0.53,0.98,1.32,1.52,2.02,2.08,0.6687877338163555,-0.6685705294948202,3.3425962471953836,-8.076967619054267,1514.2498985172656,3455.456818309889,9.97976430543159e-06,0.17901249984617626,-0.17684081651745565,0.018164167538204646,1356.0557341714511,0.00010719710162807726
9/29/21,0.05,0.04,0.04,,0.05,0.09,0.3,0.55,1.01,1.34,1.55,2.04,2.09,1.0026083426355166,-1.0022292827048893,-7.445682692142144,3.981087100076093,2431.576679055778,1336.5076835585523,9.7799402116162e-06,0.3884766701789141,-0.3860806138341705,-0.12587853560249163,1926.019722007767,0.0001234664691984941
9/28/21,0.07,0.04,0.04,,0.06,0.09,0.31,0.55,1.02,1.34,1.54,2.02,2.07,1.1467308768325633,-1.1465471604562776,4.4406504458022,-9.129283357647958,1462.016568177319,2610.1587286330887,9.999492104415008e-06,0.6153743419085789,-0.6128647323199028,-0.2624381199353353,2689.3387296996793,0.00012569735246342346
9/27/21,0.06,0.03,0.04,,0.05,0.09,0.31,0.56,0.98,1.3,1.48,1.95,1.99,0.48126046626068053,-0.48086491486896293,6.245614932704974,-8.080470303693952,1223.037891487777,1557.681487115672,9.893103631582082e-06,0.2774583074841861,-0.2751025715384169,-0.06955162433556203,1569.9303397629164,0.00011377591981786836
9/24/21,0.06,0.04,0.03,,0.05,0.08,0.29,0.55,0.97,1.27,1.47,1.94,1.99,0.8598359742582327,-0.8595425584881692,1.515172419215733,-3.5328333222477513,790.5160269385339,1309.6773923343758,9.891463123298135e-06,0.19877778825083758,-0.19658450176605108,-0.0006713528597151704,1444.5732831636121,0.00010552074945782942
9/23/21,0.05,0.04,0.03,,0.04,0.08,0.27,0.53,0.94,1.22,1.41,1.87,1.92,0.5422170078756693,-0.5428596895753703,-0.7671983200359767,0.10761914406957514,2413.519151652351,225.87314836162943,5.699440490427986e-06,0.8296480064310022,-0.8273758774252924,-0.4119914246193155,3464.949529769043,0.00010703835973372905
9/22/21,0.04,0.04,0.03,,0.05,0.08,0.25,0.48,0.86,1.13,1.32,1.78,1.84,0.5108484578787806,-0.5107526605525193,-0.7638877287619101,0.16354174542974448,1002.0792264126197,300.70135212735863,7.765155767251134e-06,0.5029215969806731,-0.5008599308334917,-0.24021402352447552,2269.259529274739,8.76551954897655e-05
9/21/21,0.05,0.04,0.03,,0.04,0.07,0.22,0.46,0.84,1.13,1.33,1.81,1.86,0.44992941642396267,-0.44930621334075976,0.889990090263182,-2.234769051692961,805.8085719880744,1598.0641360174882,9.744410703121753e-06,0.3057585027480202,-0.3038775800467892,-0.08290793698326081,1815.1948334401332,8.406976146930856e-05
9/20/21,0.06,0.05,0.04,,0.05,0.07,0.23,0.45,0.83,1.12,1.31,1.79,1.85,0.39498325030532777,-0.39452039759762614,-1.889520024889642,0.9246693671919537,1685.8461891564675,803.253503802267,7.892121676109726e-06,0.8398668816618791,-0.8378446500467143,-0.45649010817542285,3345.764867206458,8.402828928385614e-05
9/17/21,0.06,0.06,0.04,,0.05,0.07,0.23,0.47,0.88,1.17,1.37,1.85,1.91,1.08740638281932,-1.0868125049962507,-2.6132045058740307,0.3795281054576372,4473.740061494251,610.5625270456289,9.884900868310412e-06,0.8612598915145229,-0.8591131291222901,-0.5225345362364564,2881.6685854977286,9.561334100326009e-05
9/16/21,0.06,0.06,0.04,,0.05,0.07,0.23,0.46,0.84,1.13,1.34,1.83,1.88,0.7163044310878954,-0.7155553615231842,0.543711444262107,-2.0530577570382427,509.1632852668931,937.6933911407223,9.876993387193747e-06,0.6166302734148184,-0.6145790081342205,-0.3204282686476138,2523.3940717329974,8.666539289768621e-05
9/15/21,0.04,0.06,0.04,,0.05,0.07,0.21,0.43,0.81,1.1,1.31,1.8,1.87,0.2988067695019767,-0.29816887948248477,2.430674774171871,-3.628740225798695,1115.8886501106385,1651.1294651058827,9.782804110486644e-06,0.6517182288486194,-0.6498161655883941,-0.330977956850922,2741.56108790114,8.002059265770545e-05
9/14/21,0.05,0.06,0.04,,0.05,0.07,0.21,0.43,0.79,1.07,1.28,1.78,1.85,0.17692024468613418,-0.17650155374390875,-0.4013610744610452,0.1313743614257147,2486.6136816655535,390.47152375344774,9.959804364663547e-06,0.5800676185494085,-0.5781899749426671,-0.30819011028575805,2364.9779605073477,7.487998907537062e-05
9/13/21,0.06,0.08,0.06,,0.06,0.07,0.21,0.44,0.81,1.11,1.33,1.83,1.91,0.8405874901137772,-0.8395292008517161,3.474487929924621,-14.9340082533161,2901.0292497483933,11531.07822001854,2.7369254409988155e-05,0.44046562112543175,-0.4385293057088029,-0.16114845584694482,2296.1791474240513,7.626121265777607e-05
9/10/21,0.06,0.06,0.05,,0.06,0.08,0.23,0.45,0.82,1.12,1.35,1.86,1.94,1.0110550260216826,-1.0104007700346043,3.8045188421902703,-6.260042035503133,1226.4992652895921,1701.6094684120294,9.937798405784899e-06,0.1126511895445157,-0.11098119453530939,0.034654562558481775,1041.5266691140184,6.660281170635421e-05
9/9/21,0.07,0.06,0.04,,0.05,0.07,0.23,0.43,0.79,1.08,1.3,1.83,1.9,0.12342426685967292,-0.12260992777461134,-1.3022381801482756,0.8264676948822308,1497.7707400785782,797.2058391820319,9.379242734981535e-06,0.49924246269780387,-0.49737209778086044,-0.22044653920248705,2315.3835291886808,7.297502544919649e-05
9/8/21,0.05,0.06,0.05,,0.06,0.08,0.22,0.43,0.81,1.11,1.35,1.88,1.95,0.5998173672100142,-0.600332462104058,-1.8425956725868822,0.8908366879826134,1084.7393767343472,622.6275476596013,8.37761355521312e-06,0.9593192610217054,-0.9574086080959134,-0.3976964666462901,4585.6182870605935,7.883120705690579e-05
9/7/21,0.04,0.07,0.05,,0.06,0.08,0.22,0.45,0.82,1.14,1.38,1.91,1.99,0.45383835153572827,-0.45342093775687486,3.4874246916868956,-7.116369647416497,1491.4995970228497,3027.639445121479,7.300124303506334e-06,0.24068691827914274,-0.2388718202576148,-0.039688203843640864,1504.461073408461,7.666234693680508e-05
9/3/21,0.04,0.07,0.05,,0.05,0.08,0.21,0.42,0.78,1.09,1.33,1.87,1.94,0.5686889905477354,-0.5680365332961121,2.001264512893279,-4.246164727745429,1305.1802934077512,2457.181888249707,9.689658525929965e-06,0.4413304861434859,-0.43952261857288316,-0.1896317713894829,2036.6047785270264,7.417119496326869e-05
9/2/21,0.05,0.07,0.05,,0.06,0.07,0.2,0.42,0.78,1.07,1.29,1.83,1.9,0.02634040770345991,-0.027139065219086753,-2.438525774957435,1.5278097649431568,1814.6069243044521,932.1474135012476,6.154064256076542e-06,0.9245379997680663,-0.922670425642003,-0.5379668581793936,3313.3969846376144,7.345984711999296e-05
9/1/21,0.04,0.06,0.05,,0.06,0.07,0.2,0.42,0.78,1.08,1.31,1.84,1.92,0.5709669052895128,-0.5706093015548042,-1.8911947471860833,0.5200370927461232,3257.6774372455297,804.0730130715114,9.992271774857492e-06,0.7564888942390015,-0.7546670171218963,-0.44699502788158807,2624.243764432974,7.575839405796555e-05
8/31/21,0.03,0.05,0.04,,0.06,0.07,0.2,0.4,0.77,1.08,1.3,1.85,1.92,0.4085968236863353,-0.4085851083239042,-0.27745296782351686,0.04759187669924653,3665.4231466253477,188.71883806405162,8.699565494775663e-06,0.5669374684517563,-0.5652326657401863,-0.21299702466036946,2880.76074877903,7.239573406944649e-05
8/30/21,0.04,0.07,0.05,,0.05,0.08,0.2,0.4,0.77,1.07,1.29,1.82,1.9,0.9983531085115597,-0.998028120323494,-0.937064082491777,0.04495098651028859,2653.3866631807446,166.0075353576461,9.248591011156847e-06,0.28477943895004604,-0.2830932485863322,-0.0588087587932469,1803.732694078423,6.692015993234825e-05
8/27/21,0.04,0.06,0.05,,0.05,0.07,0.22,0.41,0.79,1.09,1.31,1.84,1.91,0.40958693716980005,-0.40922711256093774,-2.16968382968437,1.071008361728181,2068.6342673836693,979.2885472623972,9.98992871964447e-06,0.4102395514507901,-0.40844337036711975,-0.1657006619471283,1998.9977585181332,7.400042516189585e-05
8/26/21,0.04,0.06,0.05,,0.06,0.07,0.25,0.46,0.84,1.13,1.34,1.87,1.94,0.8128998481852112,-0.8124772118257535,3.337383722432889,-5.923670589890678,1395.75730663899,2174.724312818551,9.998943221822102e-06,0.3482798697858175,-0.34636155811926944,-0.057101205621397116,2299.952637675379,7.83582957250086e-05
8/25/21,0.04,0.05,0.06,,0.06,0.07,0.23,0.47,0.84,1.13,1.35,1.88,1.96,0.9756833874776935,-0.9752805850134413,2.5782515344486825,-4.638331376078696,966.3542113054184,1355.8292295329688,9.955142889561454e-06,1.01111967189399,-1.0090781188961757,-0.670065565513501,2891.4430206186485,8.650814790264943e-05
8/24/21,0.03,0.05,0.05,,0.05,0.06,0.24,0.44,0.8,1.08,1.29,1.83,1.91,0.7318089557348701,-0.7319923813712592,2.2148728259875403,-4.812112479427967,1179.1313753062168,2154.942895067662,8.374274653616817e-06,0.0879189323973593,-0.0865139565716401,5.582213653228347e-05,591.091979799784,5.6224847926563526e-05
8/23/21,0.04,0.05,0.05,,0.06,0.07,0.23,0.43,0.78,1.05,1.25,1.79,1.87,0.3114954843624194,-0.3110705013927838,0.35160895233167194,-1.094154269770259,623.8444653157476,1319.0648374382965,9.99306419515584e-06,0.6112315015188745,-0.6093812581547455,-0.3333687619932662,2405.3935374096704,6.91066236449148e-05
8/20/21,0.04,0.05,0.05,,0.05,0.06,0.23,0.44,0.8,1.06,1.26,1.79,1.87,0.7893121413759288,-0.7888479157140873,3.237716560449878,-7.141269237719122,1730.9107207815155,3418.6451129418137,8.746202163928998e-06,0.44127805805452797,-0.4394821588682588,-0.1431248069360662,2493.872163530221,6.944451578333445e-05
8/19/21,0.04,0.05,0.06,,0.05,0.06,0.22,0.44,0.78,1.04,1.24,1.8,1.88,0.40975876602510286,-0.40916156134834347,0.29261786713653215,-1.2560231434677258,598.6633891378946,1333.934667922493,9.995568926536492e-06,0.6344733711794035,-0.632693313147388,-0.2741784618845159,3052.0838029146275,6.639961253114875e-05
8/18/21,0.03,0.05,0.07,,0.05,0.07,0.23,0.43,0.79,1.06,1.27,1.84,1.91,0.49403469328469496,-0.49401591606422646,-0.2793719459516512,0.02992829294980997,3156.9629315309435,122.25293385493487,8.50868296547691e-06,0.1743404900123612,-0.17271690152277153,0.001085635517158816,1331.9083010430813,6.20842999315627e-05
8/17/21,0.03,0.05,0.07,,0.06,0.07,0.23,0.43,0.77,1.05,1.26,1.82,1.92,1.2140296412937808,-1.2130470042708648,1.9143073034370206,-4.496945285541148,1409.118806182696,2211.6662826604406,2.413532401363702e-05,0.45708156908220116,-0.45534117486179687,-0.12374404971186585,2723.7739200614833,6.33684622632302e-05
8/16/21,0.04,0.05,0.06,,0.05,0.08,0.21,0.42,0.75,1.04,1.26,1.82,1.92,1.1454322420761776,-1.1441689256319727,5.439671285723718,-8.161079266292274,2619.461831206833,3466.677973000467,3.626624544368436e-05,0.47394312107907854,-0.472246211891179,-0.17958859052266124,2419.3646320078687,6.269556578310435e-05
8/13/21,0.04,0.05,0.06,,0.05,0.08,0.23,0.44,0.79,1.08,1.29,1.85,1.94,0.3698217284331794,-0.3694949521544126,-2.39526990922392,1.5078397019161944,1493.649284830631,942.5290529523234,8.201344583350802e-06,0.14668988097599925,-0.14507669315740251,0.03372139295916789,1330.6366799858158,6.126491174038591e-05
8/12/21,0.05,0.06,0.06,,0.06,0.09,0.23,0.46,0.83,1.13,1.36,1.92,2.03,0.46208649320130635,-0.4615952110662804,1.4187079476531836,-3.4899583881870884,1216.1512681719735,2685.616806468627,9.998572100577307e-06,0.9923191324793267,-0.9903594080061011,-0.5045474486644048,3885.151694369006,7.762251556975492e-05
8/11/21,0.05,0.05,0.05,,0.06,0.08,0.23,0.45,0.81,1.11,1.35,1.9,1.99,0.7512713754212454,-0.7503859410119075,-2.010570668424345,0.7729770131203548,1457.0198320969535,682.5590406206074,9.67364161620978e-06,0.6720262784659266,-0.6701154067421313,-0.35839382036077305,2537.993849797532,7.788416801140659e-05
8/10/21,0.05,0.05,0.05,,0.05,0.08,0.24,0.47,0.82,1.12,1.36,1.9,1.99,0.841266935218536,-0.8406400934473924,4.584063995720296,-6.928685631510037,1395.21349095447,1903.157998088596,9.963099159459804e-06,1.0004303293711916,-0.9984411634149996,-0.6041077343834518,3259.2383228981107,8.168273278413907e-05
8/9/21,0.04,0.05,0.06,,0.06,0.08,0.23,0.43,0.79,1.09,1.33,1.87,1.96,0.26469924554790464,-0.2648135579112899,-0.0344112435390218,-0.8637064701712323,272.6713482370675,1501.1718954233845,7.4011832171672e-06,0.4250651963419829,-0.42322610731458465,-0.18926288923422058,1901.4618640457466,7.268371660294492e-05
8/6/21,0.04,0.05,0.06,,0.06,0.09,0.21,0.42,0.77,1.07,1.31,1.85,1.94,0.7920268237342214,-0.7911541107422049,-2.4919264971873814,0.7507136209957053,2885.787507501346,906.7360533999372,9.834179323057831e-06,0.9390845300030243,-0.9372411274532141,-0.6093710201792375,2803.890914530117,7.383853718081936e-05
8/5/21,0.05,0.05,0.05,,0.06,0.08,0.21,0.38,0.72,1.01,1.23,1.77,1.86,0.8667514839373205,-0.8660806888903676,-1.2680853007398019,0.2028340043356779,1694.019569085535,435.23100948672095,9.740394656580472e-06,0.7750311917915652,-0.773319000795835,-0.4408579189200245,2931.885606441501,6.159884614699453e-05
8/4/21,0.05,0.05,0.05,,0.05,0.07,0.17,0.34,0.67,0.96,1.19,1.74,1.83,0.43332065800680647,-0.432710320480193,0.8588518353015872,-1.8917922254804407,855.5425831531588,1460.2248795042074,8.785514494165446e-06,0.7813633417311193,-0.7798360033056306,-0.46895369324550573,2795.345963884941,5.6135107547197815e-05
8/3/21,0.05,0.05,0.05,,0.06,0.07,0.17,0.33,0.65,0.95,1.19,1.76,1.85,0.8610685325117908,-0.8604737872209127,3.2689907787003105,-5.094300189041602,1228.8643745217935,1614.3298409612719,9.998700116342687e-06,0.8915889077727135,-0.8901116701715687,-0.5780327981152795,2785.5940430941746,5.514854176594488e-05
8/2/21,0.05,0.05,0.05,,0.06,0.07,0.17,0.33,0.66,0.96,1.2,1.77,1.86,0.5625132671103368,-0.5620720919278459,-0.30204025073003443,0.04718231976569112,851.1200636539777,-411.9910065251938,9.047232401650509e-06,0.7304764053319288,-0.7289738578420137,-0.43308090860437937,2611.8208814864256,5.545631947281943e-05
7/30/21,0.05,0.05,0.06,,0.05,0.07,0.19,0.35,0.69,1.0,1.24,1.81,1.89,0.4423966965725535,-0.4420576337942265,-0.36871217964588265,0.04284649620285249,2245.0537125421556,194.97989615678046,9.91366796812335e-06,0.23568589161375048,-0.23425371787040672,-0.040139191185932836,1545.0819812915397,5.4688355303134626e-05
7/29/21,0.05,0.05,0.06,,0.05,0.08,0.2,0.37,0.73,1.04,1.28,1.84,1.91,0.8759012634774943,-0.8755162938022717,-6.323730621947246,3.7164176188398734,2726.8541060498546,1671.521675183341,9.993948156525301e-06,0.793617289357463,-0.7919115816147108,-0.4590439949865568,2832.5983798495645,6.801307607906545e-05
7/28/21,0.04,0.05,0.05,,0.05,0.07,0.2,0.38,0.72,1.01,1.26,1.83,1.9,0.3068812127679752,-0.3065428103517719,1.3965573343498234,-2.268487633936476,1024.7573180591685,1576.8765523372867,9.996042622874933e-06,0.319443860251387,-0.317916049028649,-0.06934869741875492,2002.80778174997,5.986865982978351e-05
7/27/21,0.04,0.05,0.05,,0.05,0.07,0.2,0.37,0.71,1.01,1.25,1.81,1.89,1.2707787021897108,-1.2705494520252807,-1.1524093275139657,0.05508119158976264,6350.797043322631,242.51487081134317,9.2429268368515e-06,0.3992691038573204,-0.397703311369188,-0.16843146328367437,1911.9035869299428,6.074277664604052e-05
7/26/21,0.05,0.05,0.05,,0.06,0.08,0.22,0.38,0.73,1.04,1.29,1.85,1.93,0.364442398732978,-0.36405733233417015,0.3453573395783957,-1.5107418152471772,752.4988124281136,2117.0018428056783,9.996799388171977e-06,-0.026040892215269163,0.02629421249856865,0.11633819133651341,371.4059105360052,9.996763872868814e-06
7/23/21,0.05,0.05,0.05,,0.05,0.07,0.22,0.38,0.72,1.04,1.3,1.85,1.92,0.603792269559254,-0.6034619144954899,2.7515633903347414,-4.07022318035543,1045.4124007370247,1367.0048965874469,9.99791021883711e-06,0.2265994029283417,-0.2250501623546899,-0.051750762424450925,1353.0216011845362,6.204791828282583e-05
7/22/21,0.04,0.04,0.05,,0.05,0.07,0.2,0.37,0.71,1.02,1.27,1.82,1.9,0.2341994560535961,-0.23434811496313246,-0.984879766643823,0.35663883010728104,2038.5071663670315,545.9362773707027,3.350723546054959e-06,0.37300026413892906,-0.37147134683624683,-0.09748861842929075,2227.0656591318593,6.146744629574282e-05
